,Serie_1_Gap_6,Serie_1_Gap_12,Serie_1_Gap_18,Serie_1_Gap_24
RF,1.0,1.0,1.0,1.0
NN,1.0,0.990743971476784,0.9981239090038851,0.9993859567203252
NN_l2,1.0,0.9918557781285722,0.9979893293541304,0.9992284784239476
logit_l2,0.7669527340251805,0.7741011648794295,0.7893562419055127,0.7897164230941313
DT,0.9582188010325028,0.9642382695552772,0.9600736950278732,0.9654226033848068
GBM,0.9311660433019018,0.922436312666703,0.929591615518892,0.9326187450444694
AdaBoost,0.9675980482537008,0.9666293342768494,0.9660862098091109,0.9948453325080984
logit_l1,0.7344844729494812,0.7098024059659245,0.7758913790190889,0.7647561894158715
