,Serie_1_Gap_6,Serie_1_Gap_12,Serie_1_Gap_18,Serie_1_Gap_24,Serie_6_Gap_6,Serie_6_Gap_12,Serie_6_Gap_18,Serie_6_Gap_24,Serie_12_Gap_6,Serie_12_Gap_12,Serie_12_Gap_18,Serie_12_Gap_24
AdaBoost,0.5074328776499473,0.5169510636698489,0.5080987117802266,0.5208342131181709,0.5187159297395518,0.5173008634101733,0.5242297124490221,0.5046125600748833,0.4985155195681512,0.4985257789465296,0.4993268093446434,0.5074927564695453
DT,0.4792468753583304,0.4805230549065839,0.4903198092106237,0.4562051171587568,0.4866364279294931,0.48630843646135,0.4859358217341533,0.4877407414398389,0.484932379121633,0.4862003237630147,0.486664397397607,0.4801943910959121
GBM,0.4982237687176355,0.4973798227535756,0.4994974554369802,0.4951840196543078,0.4842137411500727,0.4876624675898522,0.4935856556785268,0.4347743926862839,0.4929964096665418,0.497900399590791,0.4350377367993703,0.484214193600895
logit_l1,0.4439246676583869,0.4661342259111553,0.4517112352716564,0.4577844420875544,0.4766930618401207,0.4668301549247813,0.4814683919035088,0.4491709133858132,0.4785220841416344,0.4764776126759465,0.4797065982631241,0.4863263693999985
logit_l2,0.4525215082875764,0.4318432466100194,0.43945488320865,0.3874169262373967,0.4329386303698211,0.4522756679684261,0.4749268217357045,0.4551360160665498,0.48237570306246996,0.4845147958268191,0.48264957160815003,0.4788296144937844
NN,0.5123008372246707,0.5156144236905756,0.501225404409659,0.4924051326713352,0.531490650177807,0.5193643754619365,0.5326788407670761,0.501977293835239,0.5024624326721422,0.5449902414214394,0.5220908431610846,0.498508374296531
NN_l2,0.5136995953307496,0.5154538773720457,0.5017748947906446,0.4933812348416474,0.5367258689569524,0.520803779459285,0.5234548913263447,0.5071872287227998,0.5011153763178369,0.5415132321893259,0.5218775160495478,0.5153904644498346
RF,0.4988358556461001,0.4987991594115882,0.4987600743955363,0.5162642715493174,0.4988054352695237,0.4987474467183104,0.4987255058148797,0.4988344082679307,0.4987667642978264,0.4987055402875692,0.534058233264292,0.4990151879896704
