,Serie_6_Gap_6,Serie_6_Gap_12,Serie_12_Gap_6,Serie_12_Gap_12,Serie_24_Gap_6,Serie_24_Gap_12
logit_l1,0.676911168206896,0.6932834006686361,0.6960405717386373,0.7102494925612279,0.5,0.5
logit_l2,0.6769652203131264,0.6925784186628821,0.6960506308864263,0.7101922817048959,0.6895739322018647,0.6678608696195543
DT,0.7358316210593031,0.7231711852617251,0.7238451481635879,0.6974938291449038,0.6799991345601941,0.6840320415024004
RF,0.5067920652947385,0.5035848121002099,0.5082984488591956,0.5010721369942525,0.5032691603193833,0.501715182064346
AdaBoost,0.7506551354295901,0.7337976974729954,0.7317517480991461,0.7115686599024238,0.6878613502766601,0.6954934899291271
GBM,0.7680822255991607,0.7518607340034115,0.7543871969370141,0.718864612591406,0.7103620464041787,0.6835269528506971
NN,0.6044053754041868,0.5937107519734338,0.5520545916330122,0.5728607519573682,0.53661322615401,0.5697045910560854
NN_l2,0.6188784915774214,0.584169494428929,0.5393769088536973,0.5576630677668358,0.5322782039676758,0.5611459070581292
