,Serie_6_Gap_6,Serie_6_Gap_12,Serie_12_Gap_6,Serie_12_Gap_12,Serie_24_Gap_6,Serie_24_Gap_12
logit_l1,0.6838284623191647,0.7239908547714653,0.7102922246344789,0.7318862339667968,1.0,1.0
logit_l2,0.6838284623191647,0.7223193529174432,0.7102922246344789,0.7318862339667968,0.6847682455783696,0.6154569012159353
DT,0.8349474480931657,0.7687179388653002,0.7687179388653002,0.7485736347647034,0.8312156942467981,0.713956203548139
RF,0.015223711145132712,0.00837672193509962,0.018367307729255124,0.0048903950924456254,0.008385850782679406,0.0035880058091522626
AdaBoost,0.8123441074776805,0.7903129743126669,0.7990163115525755,0.7588048560765304,0.7111709697092905,0.7358544294786001
GBM,0.8342077649527807,0.8122154123998541,0.8112932044803934,0.7390931319977693,0.74097885749136,0.7263718426972692
NN,0.35902155402267216,0.3606601471690138,0.20620953332436745,0.23572562309639225,0.1408314698109372,0.18310220121308768
NN_l2,0.3854093200075688,0.33612557397836657,0.16067551730100482,0.2077559950238085,0.1343006708680626,0.16390921775778114
