,Serie_1_Gap_6,Serie_1_Gap_12,Serie_1_Gap_18,Serie_1_Gap_24
RF,0.0,0.0,0.0,0.018867924528301886
NN,0.109375,0.125,0.09375,0.1509433962264151
NN_l2,0.125,0.125,0.09375,0.16981132075471694
logit_l2,0.640625,0.71875,0.765625,0.8867924528301887
DT,0.578125,0.484375,0.578125,0.4528301886792453
GBM,0.078125,0.03125,0.046875,0.03773584905660377
AdaBoost,0.015625,0.03125,0.015625,0.09433962264150944
logit_l1,0.625,0.609375,0.703125,0.6226415094339622
