,Serie_1_Gap_6,Serie_1_Gap_12,Serie_1_Gap_18,Serie_1_Gap_24
RF,0.9410643717719956,0.9707498232516598,0.9577764759031356,0.9611099574302016
NN,1.0,0.8724902188093314,0.9241286313664452,0.936979372926356
NN_l2,1.0,0.8744562557772824,0.9318657516098618,0.951074078484042
logit_l2,0.4471753589161818,0.4212872455398317,0.4328469762833761,0.4115818891323514
DT,0.49721205539917,0.5158148842410029,0.5168517024915684,0.5321600204942465
GBM,0.6974137499374092,0.6892445208988023,0.7121386474916798,0.69566639763719
AdaBoost,0.5725174525207581,0.5681820238547718,0.5582850536960942,0.681309594588394
logit_l1,0.4293176292308525,0.4654174891509271,0.4451858056363688,0.4586197903062757
