,Serie_6_Gap_6,Serie_6_Gap_12,Serie_12_Gap_6,Serie_12_Gap_12,Serie_24_Gap_6,Serie_24_Gap_12
AdaBoost,-0.01066680255642763,-0.010945811927131288,-0.010357371918842829,0.047469389324133804,0.0078169510864758,0.021207133317944098
DT,0.1429972838885828,0.14808498042759155,0.13501095324374482,0.14845943679957088,0.12008681991488425,0.11199754384786584
GBM,0.005982914163910782,0.009912053011683694,-0.009943997506602392,0.005432774022054947,0.017780717597655482,0.010922186356314822
logit_l1,0.0805143844383675,0.09063364898673984,0.08831297364855045,0.10980872793847074,0.06294145727434261,0.09962711616526214
logit_l2,0.07467669464557274,0.07861887257050734,0.11132992532909636,0.11468626265962513,0.0817895083959436,0.09135337285322287
NN,0.05270139055340306,0.04476189092061146,0.04936029685256467,0.08208238720344224,0.04269641393006435,0.044025187593016935
NN_l2,0.05322428976782339,0.026901366029006918,0.0733423811831392,0.07680608932020673,0.046620616476606834,0.06694878265844616
RF,0.0338253772567584,-0.0027493687819115376,0.0179389174739275,-0.0017638112245952414,-0.0018740927554014128,0.0
