,Serie_1_Gap_6,Serie_1_Gap_12,Serie_1_Gap_18,Serie_1_Gap_24,Serie_6_Gap_6,Serie_6_Gap_12,Serie_6_Gap_18,Serie_6_Gap_24,Serie_12_Gap_6,Serie_12_Gap_12,Serie_12_Gap_18,Serie_12_Gap_24
AdaBoost,0.9675980482537008,0.9666293342768494,0.9660862098091109,0.9948453325080984,0.9988871596383913,0.97289737416718,0.9987757261290509,0.9994339714949182,0.9214251721628128,0.9219372862194908,0.9839949514429079,0.9983508619910056
DT,0.9582188010325028,0.9642382695552772,0.9600736950278732,0.9654226033848068,0.9590109213446651,0.9596633027266109,0.959967824221694,0.9737778050836756,0.9547957141257488,0.9539930575685548,0.9734627443261568,0.9627949907129916
GBM,0.9311660433019018,0.922436312666703,0.929591615518892,0.9326187450444694,0.9255545255237372,0.8955092799955209,0.9757201142095194,0.9985628375075328,0.8900658557751526,0.899617948866601,0.951936310510533,0.9807752500315792
logit_l1,0.7344844729494812,0.7098024059659245,0.7758913790190889,0.7647561894158715,0.7980186623721106,0.8119283634734897,0.8066680677140703,0.8197913146765786,0.8658595543362633,0.8780068409762886,0.8808577313425816,0.9162920627778012
logit_l2,0.7669527340251805,0.7741011648794295,0.7893562419055127,0.7897164230941313,0.7678289936664321,0.8103336179385252,0.8087029682880168,0.8214517597702967,0.879710262583282,0.876988376137747,0.8794872217879826,0.9095576784927626
NN,1.0,0.990743971476784,0.9981239090038851,0.9993859567203252,1.0,1.0,1.0,1.0,1.0,1.0,1.0,1.0
NN_l2,1.0,0.9918557781285722,0.9979893293541304,0.9992284784239476,1.0,1.0,1.0,1.0,1.0,1.0,1.0,1.0
RF,1.0,1.0,1.0,1.0,1.0,1.0,1.0,1.0,1.0,1.0,1.0,1.0
