,Serie_1_Gap_6,Serie_1_Gap_12,Serie_1_Gap_18,Serie_1_Gap_24,Serie_6_Gap_6,Serie_6_Gap_12,Serie_6_Gap_18,Serie_6_Gap_24,Serie_12_Gap_6,Serie_12_Gap_12,Serie_12_Gap_18,Serie_12_Gap_24
AdaBoost,0.5093341619829337,0.5214811476641129,0.5114470284237725,0.5146502043979143,0.5146948694044108,0.5226091315748882,0.5214099077480936,0.5042619326181365,0.4975371353805895,0.4974554707379135,0.5005325004490719,0.5066888315589307
DT,0.508160602570291,0.5072078853141591,0.5105653231854459,0.5031709315282294,0.5087147173505121,0.5081113045835295,0.509385955226456,0.5085570150857323,0.5073723978527983,0.5080031878808955,0.5073481516638806,0.5057651177308776
GBM,0.5026684704315094,0.5005683513934467,0.5019511973772277,0.5003987975411605,0.4996744265838207,0.4989185037862872,0.5034172103137621,0.498982226338105,0.5008979799329029,0.5014485973248705,0.4991944957962609,0.5030412618020066
logit_l1,0.5049092979282481,0.5069251522803156,0.5067433515440708,0.5050363104755407,0.5079011937883677,0.5069404372500399,0.5083470758697326,0.5037357923888454,0.5083564976587018,0.5066208365699592,0.5064386509424923,0.5064574725208302
logit_l2,0.5057685245550441,0.5052611324192888,0.5064503360000989,0.5038436170183287,0.5042928765185818,0.5062053542036999,0.5070900793470461,0.5056078004424306,0.5069262707245953,0.5074432421097778,0.5066508927294564,0.5052745244506691
NN,0.5092846814606009,0.5113238982983986,0.5041544595938459,0.5029402691320766,0.5211109746139337,0.5143675427946437,0.5219548999972439,0.5073827402022373,0.5050163992229496,0.5314239618741087,0.5150727419572906,0.5035200548727603
NN_l2,0.5102260626890766,0.5112334828279299,0.5043440653531956,0.5035230758409356,0.5242292241925764,0.5150884136659721,0.5166925730401121,0.5090942449550105,0.5041111987558133,0.5281712858090847,0.5149471518512305,0.5119702853614254
RF,0.4976771196283392,0.4976040730757712,0.497526283240569,0.5981884057971014,0.4976165648741248,0.4975394079200308,0.4974574924519307,0.4979058403785,0.4975395971090266,0.4974572904251093,0.8313172043010753,0.4980342477721475
