,Serie_6_Gap_6,Serie_6_Gap_12,Serie_12_Gap_6,Serie_12_Gap_12,Serie_24_Gap_6,Serie_24_Gap_12
logit_l1,0.6769021606376135,0.6941408203487838,0.6962130183533879,0.7107110175314926,0.2444588013119968,0.2399423323949821
logit_l2,0.6769553883545226,0.6933797435363005,0.6962227965178795,0.7106563458670864,0.6895423135171933,0.6699684483811953
DT,0.7464877073861189,0.7253687663651662,0.7259887989387133,0.6999284540154277,0.6969903728328679,0.6841076797684569
RF,0.6993046867167263,0.6846597705851076,0.7041929391604238,0.5697615503367329,0.662766169602266,0.7377592699992284
AdaBoost,0.7551701990647035,0.7373107129068173,0.7366176112712162,0.7138491620731906,0.6880447755643178,0.6960050050617469
GBM,0.773665778094413,0.7562122996807801,0.7583227212699852,0.7192896368696984,0.7108267681649425,0.6841562311346803
NN,0.6366064012952354,0.6190474620694673,0.5991225805427637,0.6319276737029252,0.5986780040424102,0.6768758484909918
NN_l2,0.6509565765046711,0.611022565490693,0.5917209030172301,0.6117474008431022,0.5885900693183576,0.6691189620497774
