,Serie_1_Gap_6,Serie_1_Gap_12,Serie_1_Gap_18,Serie_1_Gap_24,Serie_6_Gap_6,Serie_6_Gap_12,Serie_6_Gap_18,Serie_6_Gap_24,Serie_12_Gap_6,Serie_12_Gap_12,Serie_12_Gap_18,Serie_12_Gap_24
AdaBoost,0.9969369894982496,0.9969906710803492,0.9972809198259788,0.9896532438478748,0.9914683430624158,0.9970638232112502,0.99361124421019,0.9816270922537952,0.9989955184670066,0.9992014055262738,0.9852082522382251,0.9950004385580212
DT,0.8577158693115521,0.8672885946433945,0.8805935363579863,0.8117309843400448,0.8793593773387217,0.8815484469170144,0.8723047436511739,0.885325029194239,0.8812393756760933,0.8814885800990258,0.8889840404826781,0.8766774844311902
GBM,0.9630980163360559,0.9746464038519409,0.973586078309509,0.9688199105145414,0.928378985181859,0.9463761397002008,0.9381887877335888,0.7638769949396652,0.9537165816720754,0.9698929883405208,0.7636434410276373,0.9080782387509868
logit_l1,0.7620332555425904,0.8210953957267529,0.7762585456805471,0.8068372483221476,0.8503966472085017,0.8229794467624788,0.8632007666506948,0.7851304009342156,0.8535774996136609,0.8563328541766491,0.8703775788244453,0.8938689588632576
logit_l2,0.7842765460910152,0.7241197712910021,0.7407551274083282,0.6108780760626398,0.7317018410417602,0.7807139545665276,0.8484267688867593,0.7943168548073181,0.8750579508576727,0.8790129372304744,0.8792526274815103,0.8749232523462854
NN,0.9781213535589264,0.978257598555522,0.9644965817277812,0.9398769574944073,0.9735069600359229,0.9680111265646733,0.9729276473406804,0.9451926819774232,0.963452325761088,0.9866634722887716,0.9799143635655896,0.9593895272344533
NN_l2,0.9768815635939324,0.9781071321095396,0.9655065257924176,0.9395973154362416,0.9782218230803772,0.9694019471488178,0.9691742533141672,0.9539898793304789,0.9643795394838509,0.98386839163073,0.9797586609575709,0.9685115340759582
RF,1.0,1.0,1.0,0.9997203579418344,1.0,0.9999227321897698,1.0,0.9995328921759441,1.0,0.9999201405526272,0.9999221486959906,1.0
