,Serie_1_Gap_6,Serie_1_Gap_12,Serie_1_Gap_18,Serie_1_Gap_24
RF,0.4988358556461001,0.4987991594115882,0.4987600743955363,0.5162642715493174
NN,0.5123008372246707,0.5156144236905756,0.501225404409659,0.4924051326713352
NN_l2,0.5136995953307496,0.5154538773720457,0.5017748947906446,0.4933812348416474
logit_l2,0.4525215082875764,0.4318432466100194,0.43945488320865,0.3874169262373967
DT,0.4792468753583304,0.4805230549065839,0.4903198092106237,0.4562051171587568
GBM,0.4982237687176355,0.4973798227535756,0.4994974554369802,0.4951840196543078
AdaBoost,0.5074328776499473,0.5169510636698489,0.5080987117802266,0.5208342131181709
logit_l1,0.4439246676583869,0.4661342259111553,0.4517112352716564,0.4577844420875544
