,Serie_6_Gap_6,Serie_6_Gap_12,Serie_12_Gap_6,Serie_12_Gap_12,Serie_24_Gap_6,Serie_24_Gap_12
AdaBoost,0.4938432454340094,0.4933502427633567,0.4945960753063054,0.5120364198484244,0.5033289143696664,0.5103349117627354
DT,0.4721815761254992,0.4780967575809595,0.4687087794710846,0.4748737044790888,0.4810604759458448,0.4880003311009337
GBM,0.4959939252695451,0.5008661003619385,0.4920352811564205,0.5022699143992305,0.4955547255916544,0.5038267406583244
logit_l1,0.4191702676061868,0.4512795350216908,0.4559116557423768,0.4516573082837819,0.4651005930137184,0.4804599544517394
logit_l2,0.3873949474935111,0.4045594252124579,0.4707733440761939,0.4527342825504818,0.4549833268109098,0.4831001648097698
NN,0.5155579117833202,0.5137197329860556,0.5030152868480812,0.5166993015567402,0.4888716012930336,0.5155609140759446
NN_l2,0.5153143297960868,0.5035363578185645,0.5138722775932079,0.5198317013357777,0.4902386329815767,0.5144183062291279
RF,0.5036506828300032,0.4964019851116626,0.5027201089462149,0.4962646181463002,0.4980389607575462,0.4979085838991271
