,Serie_6_Gap_6,Serie_6_Gap_12,Serie_12_Gap_6,Serie_12_Gap_12,Serie_24_Gap_6,Serie_24_Gap_12
logit_l1,0.7487020739502349,0.7659231168703088,0.763830333291762,0.7848233065563456,0.5,0.5
logit_l2,0.7486780699044812,0.7658141930498613,0.7638089038997441,0.7846403810340514,0.7631292912955336,0.7476537995039829
DT,0.8038485977987812,0.7902520394435602,0.7923850252124426,0.7640527874840304,0.7558490609301054,0.7553551704162701
RF,0.6548167547995134,0.6858796118224093,0.6531209115856882,0.6333936263260738,0.581989438674121,0.6939928803213671
AdaBoost,0.8306990489018055,0.8098173250180638,0.8062128236662172,0.7834565639618827,0.7654899504706703,0.7734972789153223
GBM,0.8423390716830889,0.8231138462833287,0.8248632142013,0.7961931517752368,0.7878264742805641,0.7714069884042373
NN,0.7326689260134451,0.6843800732924091,0.6797785345059828,0.6883096040538705,0.6979844502676144,0.7218356180876383
NN_l2,0.7342094632648197,0.6805086465043787,0.6772572506352337,0.6749322568584156,0.69224625682458,0.7234242525676404
