,Serie_6_Gap_6,Serie_6_Gap_12,Serie_12_Gap_6,Serie_12_Gap_12,Serie_24_Gap_6,Serie_24_Gap_12
logit_l1,0.6699938740946272,0.662575946565807,0.6817889188427957,0.6886127511556593,0.0,0.0
logit_l2,0.6701019783070881,0.6628374844083209,0.6818090371383736,0.688498329442995,0.6943796188253598,0.7202648380231733
DT,0.6367157940254405,0.6776244316581499,0.6789723574618758,0.6464140235251041,0.52878257487359,0.6541078794566617
RF,0.9983604194443444,0.99879290226532,0.998229589989136,0.9972538788960592,0.9981524698560872,0.9998423583195396
AdaBoost,0.6889661633814997,0.6772824206333239,0.6644871846457168,0.6643324637283171,0.6645517308440295,0.6551325503796537
GBM,0.7019566862455408,0.691506055606969,0.6974811893936346,0.6986360931850428,0.6797452353169973,0.640682063004125
NN,0.8497891967857014,0.8267613567778538,0.8978996499416569,0.909995880818344,0.9323949824970827,0.9563069808990832
NN_l2,0.8523476631472741,0.8322134148794914,0.9180783004063896,0.9075701405098632,0.930255737067289,0.9583825963584772
