,Serie_1_Gap_6,Serie_1_Gap_12,Serie_1_Gap_18,Serie_1_Gap_24
RF,0.7224089757147024,0.6771160519485404,0.7410646655531387,0.699738297243679
NN,0.7473016336056009,0.7572376711555824,0.7551771772063394,0.7177211282765608
NN_l2,0.7530914983226371,0.7623711631056274,0.7568025559353636,0.7204885293993499
logit_l2,0.7381513455367561,0.7437115605251279,0.755789577183033,0.7532046716052508
DT,0.7307838252990081,0.6756948493454711,0.7201854072793661,0.6329829893208391
GBM,0.8561877825991833,0.8585010015422809,0.8572622504272841,0.8488066407074416
AdaBoost,0.8887664545653442,0.8489740069214564,0.8826546962399004,0.8504152420750496
logit_l1,0.7389108308415986,0.7622647786262414,0.7532556129583592,0.7328943480646658
