,Serie_6_Gap_6,Serie_6_Gap_12,Serie_12_Gap_6,Serie_12_Gap_12,Serie_24_Gap_6,Serie_24_Gap_12
logit_l1,0.6772981288469402,0.6870714897615958,0.6754665264204407,0.7195531598423724,0.7018436232940665,0.7153581546111343
logit_l2,0.6685335960524037,0.6756164065163639,0.7039332691552851,0.7233717566231423,0.7231409641482165,0.6868856769034367
DT,0.7877213377063093,0.7803628960630778,0.7710083725134588,0.7814806681691342,0.7640457644244913,0.7307351453024933
RF,0.727387055192287,0.7558821222591819,0.7278754953026827,0.83593691771522,0.6764223680339716,0.7975247096729227
AdaBoost,0.8278772633080927,0.8115065295433904,0.8409705031673586,0.8243231986354652,0.8419932721947226,0.8358221662286285
GBM,0.8083586508210134,0.7893274985746169,0.8184098778325011,0.8213914617834377,0.8171328805494801,0.8383482742709731
NN,0.7485578117832647,0.7560790077615327,0.7439322735360099,0.780138226245831,0.774291214202576,0.8083003150521896
NN_l2,0.7441298298448732,0.7462424325772358,0.7553150132223969,0.7915420726159575,0.7682161083611525,0.7731831563976945
