,Serie_6_Gap_6,Serie_6_Gap_12,Serie_12_Gap_6,Serie_12_Gap_12,Serie_24_Gap_6,Serie_24_Gap_12
logit_l1,0.695033806812345,0.6969565650932157,0.7202694786524086,0.7444532035671321,0.8636304608032979,0.8792524818431662
logit_l2,0.711957949623695,0.7166787660361392,0.7384199050776226,0.7653829704148614,0.8343127309754771,0.8423414828409219
DT,0.9240210460975208,0.9256666764511666,0.9181542686312988,0.9133440524768552,0.9203595206955568,0.955257832706206
RF,1.0,1.0,1.0,1.0,0.9999995186005062,1.0
AdaBoost,0.9535130557187396,0.9475199593855748,0.9094933355225158,0.9467623384999528,0.9742017241034029,0.9892677854409686
GBM,0.9642500709554872,0.9596224113733118,0.8789840813344912,0.9529754409335096,0.9697243622034388,0.9067372254620354
NN,0.9709687783128758,0.9715658652365704,1.0,1.0,1.0,0.9792126309723018
NN_l2,0.9697309073374974,0.9699735174155748,1.0,0.9990699453253392,1.0,1.0
