,Serie_1_Gap_6,Serie_1_Gap_12,Serie_1_Gap_18,Serie_1_Gap_24,Serie_6_Gap_6,Serie_6_Gap_12,Serie_6_Gap_18,Serie_6_Gap_24,Serie_12_Gap_6,Serie_12_Gap_12,Serie_12_Gap_18,Serie_12_Gap_24
AdaBoost,0.02325581395348837,0.047619047619047616,0.027777777777777776,0.032679738562091505,0.03389830508474576,0.05,0.047619047619047616,0.012552301255230124,0.0,0.0,0.005235602094240838,0.017241379310344827
DT,0.018611670020120725,0.017270194986072424,0.02350698856416773,0.00883327199116673,0.02006079027355623,0.019193857965451054,0.021419828641370868,0.019307589880159785,0.017891373801916934,0.019167217448777262,0.01722949689869056,0.014025245441795231
GBM,0.009784735812133072,0.005899705014749263,0.008746355685131196,0.004464285714285714,0.004162330905306972,0.002873563218390805,0.011494252873563218,0.0026307135810588623,0.006633499170812604,0.007894736842105262,0.002955665024630542,0.00945179584120983
logit_l1,0.012110202845897668,0.016135705419942078,0.015384615384615384,0.011802575107296138,0.01817288801571709,0.016316015457277802,0.019461934745277614,0.010043041606886656,0.019151138716356108,0.016402405686167302,0.01537551744529864,0.015459723352318959
logit_l2,0.013671223741247084,0.012388903851333151,0.014471352628470172,0.008373418849100303,0.011034482758620687,0.014583333333333334,0.017089590885551526,0.01307433694434068,0.01702127659574468,0.018146467919637067,0.015862944162436547,0.01314878892733564
NN,0.02280130293159609,0.02693602693602693,0.012958963282937363,0.009216589861751152,0.04582210242587601,0.032710280373831765,0.04775280898876405,0.01813110181311018,0.014583333333333334,0.0670391061452514,0.033707865168539325,0.010683760683760684
NN_l2,0.024615384615384612,0.026755852842809364,0.013333333333333334,0.010309278350515464,0.05211726384364821,0.03414634146341464,0.037406483790523685,0.02152317880794702,0.01284796573875803,0.060465116279069774,0.03345724907063197,0.027100271002710032
RF,,,,0.2,,0.0,,0.0,,0.0,0.6666666666666666,
