,Serie_6_Gap_6,Serie_6_Gap_12,Serie_12_Gap_6,Serie_12_Gap_12,Serie_24_Gap_6,Serie_24_Gap_12
logit_l1,0.669222186228989,0.6962790697674418,0.6920642051952295,0.7065107651851329,,
logit_l2,0.6692578996617001,0.695084388185654,0.6920704935775694,0.7064763067674823,0.6972100856745344,0.6699740945305245
DT,0.7864645925134642,0.7367016622922135,0.7370869460763972,0.7067227101003277,0.7660773402831584,0.7125153830743253
RF,0.4918470783514854,0.4902872831056993,0.4926770660603112,0.4843506868803628,0.512724457431133,0.5209730854530022
AdaBoost,0.7780377634898673,0.7551762040422622,0.7594619452747758,0.7207945375543141,0.7063276748572462,0.7288591388734618
GBM,0.8016790814436808,0.7785982875005663,0.7792362500280956,0.715082097767784,0.7328528371117808,0.7173324704359593
NN,0.5586482997145463,0.5525601032646695,0.5192851408426123,0.5274082523177315,0.5314903346497609,0.5592379196435431
NN_l2,0.569723610525682,0.5448630136986301,0.5109046126287505,0.5177753117044194,0.529031990488567,0.5540417388134512
