,Serie_1_Gap_6,Serie_1_Gap_12,Serie_1_Gap_18,Serie_1_Gap_24,Serie_6_Gap_6,Serie_6_Gap_12,Serie_6_Gap_18,Serie_6_Gap_24,Serie_12_Gap_6,Serie_12_Gap_12,Serie_12_Gap_18,Serie_12_Gap_24
AdaBoost,0.8887664545653442,0.8489740069214564,0.8826546962399004,0.8504152420750496,0.8652370060619667,0.8739918965384021,0.8493364179044882,0.8237633897034442,0.8647819357518158,0.8639070236383963,0.8471822153021064,0.8425927550214893
DT,0.7307838252990081,0.6756948493454711,0.7201854072793661,0.6329829893208391,0.7144987885421344,0.6803786847087004,0.7125889684155885,0.7106324697605352,0.6630580184670066,0.6748634902571474,0.6756685841154506,0.6640070559112748
GBM,0.8561877825991833,0.8585010015422809,0.8572622504272841,0.8488066407074416,0.8057960541086664,0.8094358484005563,0.791785831935793,0.6504836872684284,0.7985851539561121,0.8334418922696054,0.6991371480472297,0.8000146186007075
logit_l1,0.7389108308415986,0.7622647786262414,0.7532556129583592,0.7328943480646658,0.7307318561966771,0.7173314112965539,0.7271452244050471,0.6552837968369305,0.7142455281254829,0.6743319258105734,0.6744719807390107,0.656244578935571
logit_l2,0.7381513455367561,0.7437115605251279,0.755789577183033,0.7532046716052508,0.6761197799730578,0.7282479041106474,0.6909919791167545,0.7190656401828064,0.6547312046051614,0.6704075826545279,0.6694657093839655,0.6566714420762311
NN,0.7473016336056009,0.7572376711555824,0.7551771772063394,0.7177211282765608,0.8050804052537045,0.8038882610879308,0.8243653669541607,0.8047590213802748,0.7413170298253748,0.8071032482830218,0.7914954658823868,0.7941662037443109
NN_l2,0.7530914983226371,0.7623711631056274,0.7568025559353636,0.7204885293993499,0.8052733497979345,0.8028680845309843,0.8213132386998881,0.8101480616466992,0.7420583178797713,0.8009565664430602,0.7935340166947796,0.7808067518443801
RF,0.7224089757147024,0.6771160519485404,0.7410646655531387,0.699738297243679,0.6782579563313876,0.6549255814402719,0.6874007995927168,0.7022814757147182,0.6046652855045588,0.649929873422776,0.6785829620979484,0.614687795417556
