,Serie_1_Gap_6,Serie_1_Gap_12,Serie_1_Gap_18,Serie_1_Gap_24
RF,1.0,1.0,1.0,0.9997203579418344
NN,0.9781213535589264,0.978257598555522,0.9644965817277812,0.9398769574944073
NN_l2,0.9768815635939324,0.9781071321095396,0.9655065257924176,0.9395973154362416
logit_l2,0.7842765460910152,0.7241197712910021,0.7407551274083282,0.6108780760626398
DT,0.8577158693115521,0.8672885946433945,0.8805935363579863,0.8117309843400448
GBM,0.9630980163360559,0.9746464038519409,0.973586078309509,0.9688199105145414
AdaBoost,0.9969369894982496,0.9969906710803492,0.9972809198259788,0.9896532438478748
logit_l1,0.7620332555425904,0.8210953957267529,0.7762585456805471,0.8068372483221476
