,Serie_1_Gap_6,Serie_1_Gap_12,Serie_1_Gap_18,Serie_1_Gap_24
RF,,,,0.2
NN,0.02280130293159609,0.02693602693602693,0.012958963282937363,0.009216589861751152
NN_l2,0.024615384615384612,0.026755852842809364,0.013333333333333334,0.010309278350515464
logit_l2,0.013671223741247084,0.012388903851333151,0.014471352628470172,0.008373418849100303
DT,0.018611670020120725,0.017270194986072424,0.02350698856416773,0.00883327199116673
GBM,0.009784735812133072,0.005899705014749263,0.008746355685131196,0.004464285714285714
AdaBoost,0.02325581395348837,0.047619047619047616,0.027777777777777776,0.032679738562091505
logit_l1,0.012110202845897668,0.016135705419942078,0.015384615384615384,0.011802575107296138
