,Serie_1_Gap_6,Serie_1_Gap_12,Serie_1_Gap_18,Serie_1_Gap_24
RF,0.5,0.5,0.5,0.5092941412350682
NN,0.5437481767794632,0.5516287992777611,0.5291232908638905,0.5454101768604112
NN_l2,0.5509407817969662,0.5515535660547698,0.5296282628962088,0.5547043180954793
logit_l2,0.7124507730455076,0.7214348856455011,0.7531900637041641,0.7488352644464142
DT,0.7179204346557759,0.6758317973216972,0.7293592681789931,0.632280586509645
GBM,0.5206115081680279,0.5029482019259706,0.5102305391547546,0.5032778797855726
AdaBoost,0.5062809947491249,0.5141203355401746,0.5064529599129894,0.541996433244692
logit_l1,0.6935166277712952,0.7152351978633764,0.7396917728402734,0.7147393788780549
