,Serie_1_Gap_6,Serie_1_Gap_12,Serie_1_Gap_18,Serie_1_Gap_24,Serie_6_Gap_6,Serie_6_Gap_12,Serie_6_Gap_18,Serie_6_Gap_24,Serie_12_Gap_6,Serie_12_Gap_12,Serie_12_Gap_18,Serie_12_Gap_24
AdaBoost,0.992378048780488,0.9923629829290208,0.9924242424242424,0.9863481228668942,0.9870400715030536,0.992311240965708,0.9888765294771968,0.9777502131948212,0.9940796555435952,0.9941204512950896,0.981161330335685,0.9911759566660844
DT,0.8564169570267132,0.8654537286612758,0.8790970933828076,0.8104060736922756,0.8776255027558468,0.8795171459326465,0.8706499284919752,0.8838669664315063,0.8790558203905889,0.8793103448275862,0.8872005581828049,0.8749781583085794
GBM,0.9589866434378629,0.970125786163522,0.9690012368583796,0.9653827401267674,0.92425145240578,0.9418729817007536,0.9341331638328302,0.7612993255291108,0.9493310779640166,0.9651994279358016,0.7611442747499806,0.9053817927660318
logit_l1,0.7613966318234611,0.8200808625336927,0.7758967223252937,0.8061572751967682,0.8490987635930285,0.8218514531754575,0.8615127919911012,0.78401426467168,0.8522220513609103,0.8543619895121564,0.8687495154663152,0.8920146776166347
logit_l2,0.7836091753774681,0.7240940401317759,0.7408781694495981,0.6118966357874208,0.7311932072098912,0.7801014916192527,0.8467344668679485,0.7937049383673153,0.8729048131631555,0.8767678372795169,0.8775098844871696,0.8731434562292504
NN,0.9740853658536586,0.974168912848158,0.9601886209029066,0.9369645469109146,0.9701325785788768,0.9643241580808858,0.9693310027014144,0.9422435847740136,0.9592495771182532,0.9825997139679008,0.97650980696178,0.9560545168617858
NN_l2,0.972923925667828,0.9740191674153938,0.9611935683364254,0.9367555896078568,0.97475048413526,0.9657081347070584,0.9654377880184332,0.9510039537948678,0.9600953406120252,0.9798982996980772,0.9763547561826498,0.9655774943211602
RF,0.9953542392566784,0.9952081461515424,0.995052566481138,0.9960994636762556,0.9952331297482496,0.9950023066277104,0.9949149849038614,0.995348476626095,0.9950791942180532,0.9948355315429844,0.9958911543530506,0.996068495544295
