,Serie_6_Gap_6,Serie_6_Gap_12,Serie_12_Gap_6,Serie_12_Gap_12,Serie_24_Gap_6,Serie_24_Gap_12
AdaBoost,0.9619807874441888,0.9564424735156444,0.9786154225178616,0.9841735667120848,0.9798402762788688,0.98074252942952
DT,0.7668786361791368,0.7741315594974132,0.7565410199556541,0.762079446598889,0.8279300669112886,0.8447328705101117
GBM,0.9363640463626932,0.9470805617147081,0.944961813254496,0.9641022953568807,0.93654219728038,0.9725928161786899
logit_l1,0.6563838903170522,0.7316087706331609,0.7450603596945059,0.7207315794990043,0.8101014461472048,0.8306067008753396
logit_l2,0.5807513642718621,0.6171963537817197,0.7732446415373244,0.7213604443978618,0.7724584502482192,0.8422577724117114
NN,0.9418211338113922,0.9418083271741808,0.90519832471052,0.9102819410963212,0.8939779840276278,0.9648656806519772
NN_l2,0.9406034366120958,0.9314116777531412,0.9136733185513674,0.9228068336652344,0.8953593783725448,0.9419861153033504
RF,0.9871014296667118,0.9857107661985712,0.985020941118502,0.9851692694686092,0.9921864882365636,0.9916691820102626
