,Serie_6_Gap_6,Serie_6_Gap_12,Serie_12_Gap_6,Serie_12_Gap_12,Serie_24_Gap_6,Serie_24_Gap_12
logit_l1,0.6845821350462381,0.6920025709301257,0.7003618315115464,0.714911269877852,0.4889176026239936,0.4798846647899642
logit_l2,0.6846528770473451,0.6916750988869469,0.7003750994581897,0.7148363849666904,0.6818745413598523,0.6699628022318661
DT,0.7065108222587735,0.714035870438119,0.7148906518010292,0.6931341979305277,0.6279034053825776,0.6556999764625886
RF,0.9067622950819672,0.8790322580645161,0.9157088122605364,0.6551724137931034,0.8128078817733991,0.9545454545454546
AdaBoost,0.7323026346395397,0.7194452217713726,0.7137732772676564,0.7069037865920671,0.6697618762713893,0.6631508712500319
GBM,0.7456524747451451,0.7338263118609939,0.7374091925118749,0.7234971759716128,0.688800699218104,0.6509799918334014
NN,0.7145645028759244,0.6855348208742651,0.678960020242915,0.736447095088119,0.6658656734350594,0.7945137773384406
NN_l2,0.7321895424836601,0.6771821172827559,0.6725371934057097,0.705719489981785,0.6481481481481481,0.7841961852861036
