,Serie_6_Gap_6,Serie_6_Gap_12,Serie_12_Gap_6,Serie_12_Gap_12,Serie_24_Gap_6,Serie_24_Gap_12
AdaBoost,0.010752688172043013,0.014336917562724013,0.0,0.017921146953405017,0.023529411764705882,0.036231884057971016
DT,0.7813620071684588,0.7634408602150538,0.7455197132616488,0.7706093189964157,0.7058823529411765,0.6014492753623188
GBM,0.06451612903225806,0.057347670250896064,0.025089605734767026,0.028673835125448032,0.10588235294117647,0.036231884057971016
logit_l1,0.6881720430107527,0.6129032258064516,0.5842293906810035,0.6917562724014337,0.4764705882352941,0.5797101449275363
logit_l2,0.7526881720430108,0.7132616487455197,0.6272401433691757,0.7096774193548387,0.6294117647058823,0.5217391304347826
NN,0.15053763440860216,0.12903225806451613,0.2043010752688172,0.26881720430107525,0.2529411764705882,0.10869565217391304
NN_l2,0.15412186379928314,0.1111111111111111,0.24731182795698925,0.22939068100358426,0.2647058823529412,0.21739130434782608
RF,0.007168458781362006,0.0,0.007168458781362006,0.0,0.0,0.0
