,Serie_6_Gap_6,Serie_6_Gap_12,Serie_12_Gap_6,Serie_12_Gap_12,Serie_24_Gap_6,Serie_24_Gap_12
logit_l1,0.4258792217862532,0.4576552505523998,0.4630740747973103,0.4579643664638284,0.5006571454544892,0.5016608199314488
logit_l2,0.4186546704412287,0.4246946475013455,0.4723267340659046,0.4638372514425824,0.4918963620951872,0.5014877255628865
DT,0.4990642295737451,0.5036795846715525,0.4948704832944498,0.4866666324517026,0.5104466723301665,0.5241780869188589
RF,0.9633757030440616,0.9894926989183026,0.9688420729058648,1.0,0.9577557250261914,0.9950296467746104
AdaBoost,0.5506093255972955,0.5474991796764322,0.5129794294628808,0.5350352228160714,0.5809410563767926,0.5925465895911022
GBM,0.6920134080977794,0.6799268346912717,0.5466648966479403,0.6953641022567971,0.7781424928365044,0.6489638589377686
NN,0.7807663681270143,0.7790312606426101,1.0,1.0,1.0,0.8160405763313954
NN_l2,0.7665552384226917,0.7640821015564289,1.0,0.95023876047273,1.0,1.0
