,Serie_1_Gap_6,Serie_1_Gap_12,Serie_1_Gap_18,Serie_1_Gap_24
RF,0.9953542392566784,0.9952081461515424,0.995052566481138,0.9963768115942028
NN,0.9957680599896056,0.9957117696607704,0.9953499559047544,0.996663948402402
NN_l2,0.9958367407627684,0.9957111128130504,0.995354797373058,0.9967368733313556
logit_l2,0.9978658253688409,0.9981333609872446,0.9984293193717276,0.9993138151875572
DT,0.9977095351204616,0.9971455756422456,0.997623657806724,0.997508591065292
GBM,0.9955522050508858,0.995236997772144,0.9951560390693244,0.9963333093680352
AdaBoost,0.995412510012379,0.9953432477091784,0.9951162790697674,0.9966206702337371
logit_l1,0.9977083930105988,0.9977145991406892,0.9981020877035262,0.9982700458437852
