,Serie_1_Gap_6,Serie_1_Gap_12,Serie_1_Gap_18,Serie_1_Gap_24
RF,0.0,0.0,0.0,0.06041777589830486
NN,0.0403082069003013,0.04835862993467882,0.02199923045325473,0.023110010065320517
NN_l2,0.04564750280514139,0.04813007787215005,0.02268983123099781,0.02776526329621513
logit_l2,0.07001506983646033,0.06826414155707444,0.08082477300378439,0.06185232274333991
DT,0.08434126058272738,0.0712004334165807,0.09845313187275316,0.040961087990243214
GBM,0.014832558794112076,0.0025889107151754434,0.008935726308785962,0.0022866660435714907
AdaBoost,0.015313761445482575,0.034832227192949435,0.01718920772362185,0.04960872225801022
logit_l1,0.0616451386501545,0.07721493434013288,0.08040711128957473,0.06577215773728692
