,Serie_6_Gap_6,Serie_6_Gap_12,Serie_12_Gap_6,Serie_12_Gap_12,Serie_24_Gap_6,Serie_24_Gap_12
logit_l1,0.5094182044032155,0.5118648910242207,0.5117623516362882,0.5146009169953552,0.5068531121734058,0.5120331847242691
logit_l2,0.5084175605097119,0.5093901109038262,0.5153959489603558,0.5152511557209373,0.508301145481711,0.5113794345691752
DT,0.5186552289061495,0.5203908194560493,0.5181475870033316,0.520692610574117,0.5134846153536501,0.5139923297254124
RF,0.5846596549376082,0.4931226582528101,0.5276486522356112,0.4926879127791173,0.4963289280469898,0.4958345910051313
AdaBoost,0.4962435772809332,0.4962765640900762,0.4930734856007945,0.568565597176023,0.5029265808986991,0.5090276885139703
GBM,0.5014926729774059,0.5029188444050684,0.4971131758922615,0.5022171510136489,0.5032549199095967,0.5035736319101519
NN,0.5135561066722818,0.5121919984287929,0.510214040719864,0.517860293217008,0.5060101685699939,0.5120007725051113
NN_l2,0.513522146849691,0.5067061337131665,0.5157954883872796,0.5181528209374275,0.5065971990572002,0.5135441041319093
