,Serie_1_Gap_6,Serie_1_Gap_12,Serie_1_Gap_18,Serie_1_Gap_24
RF,0.4976771196283392,0.4976040730757712,0.497526283240569,0.5981884057971014
NN,0.5092846814606009,0.5113238982983986,0.5041544595938459,0.5029402691320766
NN_l2,0.5102260626890766,0.5112334828279299,0.5043440653531956,0.5035230758409356
logit_l2,0.5057685245550441,0.5052611324192888,0.5064503360000989,0.5038436170183287
DT,0.508160602570291,0.5072078853141591,0.5105653231854459,0.5031709315282294
GBM,0.5026684704315094,0.5005683513934467,0.5019511973772277,0.5003987975411605
AdaBoost,0.5093341619829337,0.5214811476641129,0.5114470284237725,0.5146502043979143
logit_l1,0.5049092979282481,0.5069251522803156,0.5067433515440708,0.5050363104755407
