,Serie_1_Gap_6,Serie_1_Gap_12,Serie_1_Gap_18,Serie_1_Gap_24,Serie_6_Gap_6,Serie_6_Gap_12,Serie_6_Gap_18,Serie_6_Gap_24,Serie_12_Gap_6,Serie_12_Gap_12,Serie_12_Gap_18,Serie_12_Gap_24
AdaBoost,0.015313761445482575,0.034832227192949435,0.01718920772362185,0.04960872225801022,0.039826065667465514,0.03578130669417422,0.049017069724146566,0.017802805370353843,-0.0022243659898768934,-0.002015959824469229,0.0019922384905197033,0.015178898310197047
DT,0.08434126058272738,0.0712004334165807,0.09845313187275316,0.040961087990243214,0.0829720098150572,0.07538404868513296,0.08870628281860594,0.08501951037711375,0.0685547006241981,0.07318436102107555,0.0719188425792138,0.06084908751878791
GBM,0.014832558794112076,0.0025889107151754434,0.008935726308785962,0.0022866660435714907,-0.0024370309613805426,-0.006956614866495329,0.02320876077303017,-0.0133819648986391,0.005396696197082855,0.00696994448378705,-0.01059580116936563,0.028152364545155475
logit_l1,0.0616451386501545,0.07721493434013288,0.08040711128957473,0.06577215773728692,0.08229012792680464,0.07605635509934572,0.08114814201332714,0.04763127800453488,0.08494140247579238,0.06560976221873485,0.06731266849952106,0.06389288091698833
logit_l2,0.07001506983646033,0.06826414155707444,0.08082477300378439,0.06185232274333991,0.055340346177867136,0.07364123997237958,0.0718492300284366,0.07044509123187652,0.06580062286582107,0.0686422963293525,0.06746909192206113,0.05598751773417487
NN,0.0403082069003013,0.04835862993467882,0.02199923045325473,0.023110010065320517,0.10048192611309356,0.07325706079681063,0.10234646565898027,0.05239652955761402,0.027030758049208268,0.10462223772281644,0.06647372480197881,0.022278515010700956
NN_l2,0.04564750280514139,0.04813007787215005,0.02268983123099781,0.02776526329621513,0.10516308969455944,0.07535136907368697,0.08243495348706162,0.0595134935820232,0.02186239192778369,0.10264350227890112,0.06616103999886419,0.06757421832246074
RF,0.0,0.0,0.0,0.06041777589830486,0.0,-0.0006166434332564312,0.0,-0.001398712510864853,0.0,-0.0006372744800788039,0.15649417938256313,0.0
