,Serie_6_Gap_6,Serie_6_Gap_12,Serie_12_Gap_6,Serie_12_Gap_12,Serie_24_Gap_6,Serie_24_Gap_12
AdaBoost,0.492427591002985,0.491955629045151,0.4961280975219824,0.5082160114387299,0.5052198048169039,0.5124545309374898
DT,0.7740280393017775,0.7688607178773109,0.7511071787731105,0.7662810994280063,0.7673573539004643,0.7241129617817256
GBM,0.50599516143766,0.5084150421598206,0.4914366893581909,0.5033280360012711,0.5242827724697184,0.5083454422420494
logit_l1,0.6720754249949169,0.6730833075475104,0.6657657744771924,0.7064588945903355,0.6445192688947725,0.7062122892410251
logit_l2,0.6656242541040851,0.6645594814471003,0.7012599597741163,0.7156056085765312,0.7014638732205211,0.6833447584967485
NN,0.5512211329072334,0.5410848740362548,0.5596345504241768,0.5943086181054384,0.5758291444431654,0.540376924522459
NN_l2,0.5523738030058807,0.526978417266187,0.5851367293262164,0.5812432317957346,0.5823638131051507,0.5827322991575375
RF,0.5033786936274582,0.4997252198241407,0.5029097689590263,0.4998936339945753,0.4997608175690367,0.5
