,Serie_1_Gap_6,Serie_1_Gap_12,Serie_1_Gap_18,Serie_1_Gap_24,Serie_6_Gap_6,Serie_6_Gap_12,Serie_6_Gap_18,Serie_6_Gap_24,Serie_12_Gap_6,Serie_12_Gap_12,Serie_12_Gap_18,Serie_12_Gap_24
AdaBoost,0.5062809947491249,0.5141203355401746,0.5064529599129894,0.541996433244692,0.5269841715312079,0.514156911605625,0.5280556221050949,0.5185913239046754,0.4994977592335033,0.4996007027631369,0.5018633853783717,0.5086113303901217
DT,0.7179204346557759,0.6758317973216972,0.7293592681789931,0.632280586509645,0.6974921886693608,0.6751492234585073,0.709589871825587,0.7111810331156381,0.6593696878380466,0.6673067900495129,0.6759735017228206,0.6605609644378173
GBM,0.5206115081680279,0.5029482019259706,0.5102305391547546,0.5032778797855726,0.4954394925909295,0.4888130698501004,0.5394068938667944,0.4560125715439067,0.5081082908360377,0.5083839941702604,0.465155053847152,0.5651502304866045
logit_l1,0.6935166277712952,0.7152351978633764,0.7396917728402734,0.7147393788780549,0.7142608236042509,0.7083647233812393,0.6972253833253474,0.651824459726367,0.7158512498068305,0.6625414270883245,0.6759295301529634,0.6580455905427399
logit_l2,0.7124507730455076,0.7214348856455011,0.7531900637041641,0.7488352644464142,0.6783509205208801,0.7184819772832638,0.6820258844433796,0.7212325014777331,0.6562789754288363,0.6582564686152372,0.6711077952222366,0.6485727372842538
NN,0.5437481767794632,0.5516287992777611,0.5291232908638905,0.5454101768604112,0.6195659800179614,0.5933805632823366,0.6192763236703402,0.592966711359082,0.536413662880544,0.5870817361443859,0.5732905151161282,0.5352503191727821
NN_l2,0.5509407817969662,0.5515535660547698,0.5296282628962088,0.5547043180954793,0.6141109115401886,0.5940759735744089,0.6017746266570836,0.5973653100356098,0.5290647697419255,0.5934966958153649,0.5732126638121189,0.5953668781490902
RF,0.5,0.5,0.5,0.5092941412350682,0.5,0.4999613660948849,0.5,0.49976644608797205,0.5,0.4999600702763137,0.5184795928665138,0.5
