,Serie_6_Gap_6,Serie_6_Gap_12,Serie_12_Gap_6,Serie_12_Gap_12,Serie_24_Gap_6,Serie_24_Gap_12
logit_l1,0.6769064494819208,0.6933224698885518,0.6960901059669362,0.7103730608217264,0.32837116154873164,0.3242716653585115
logit_l2,0.6769600471839015,0.6926216058470258,0.6961001235077515,0.7103161564371099,0.6895551518116884,0.667882046414717
DT,0.7345450925281981,0.7231489019416827,0.7238324915115069,0.6975061918591321,0.6705408158852906,0.6828263377170879
RF,0.34448393824101564,0.33715533187787616,0.34787576926691205,0.3308659823853223,0.3470287879729417,0.3460822422752261
AdaBoost,0.7505237246071068,0.7336636547030861,0.7314001958907661,0.7116740615556654,0.6873243681054961,0.6938228103701538
GBM,0.7679796446684553,0.7517529902400377,0.7543422169988678,0.7189877191277131,0.7096192075785761,0.6817283199279427
NN,0.5760237352710661,0.5675308812720544,0.4871794326522986,0.5124616376360006,0.454768460864188,0.5016865904095705
NN_l2,0.5939746327295534,0.5539079062534004,0.4579318468819243,0.4901917606455658,0.4484924296028309,0.4866538001570186
