,Serie_6_Gap_6,Serie_6_Gap_12,Serie_12_Gap_6,Serie_12_Gap_12,Serie_24_Gap_6,Serie_24_Gap_12
logit_l1,0.7143065221322509,0.7204391814017186,0.7114409793358996,0.7486067871583996,0.7062131500265459,0.2617302052785924
logit_l2,0.7143732359397337,0.7203440649917809,0.7114409793358996,0.7484503268328186,0.7062131500265459,0.2617302052785924
DT,0.7227133565530655,0.7913809098294069,0.7954946541556183,0.7617483145227535,0.8406533575317605,0.7825816510195203
RF,0.7007526360308022,0.2492273730684327,0.7478502170646233,0.3050631760749023,0.3001064962726305,0.2639664804469274
AdaBoost,0.746550696397198,0.7413803747369672,0.6985523195399945,0.7418447089057945,0.749154641773899,0.5565331384574661
GBM,0.7558114216398661,0.7512917777473211,0.7513110854759779,0.7573876879454116,0.7821563646493019,0.6129307239067021
NN,0.6423386591710765,0.6913121710798553,0.6831726646067966,0.7014247227739474,0.2979547900968784,0.262826990007859
NN_l2,0.6304867223413487,0.6641429188777139,0.6825332134217637,0.7014247227739474,0.2979547900968784,0.262826990007859
