,Serie_6_Gap_6,Serie_6_Gap_12,Serie_12_Gap_6,Serie_12_Gap_12,Serie_24_Gap_6,Serie_24_Gap_12
logit_l1,0.7119222810210912,0.7073947079953425,0.6717444244499733,0.6945536423267036,0.5779375863385839,0.4901774397972117
logit_l2,0.7119813477665136,0.7073209834303175,0.6717444244499733,0.6944791710726076,0.5779375863385839,0.4901774397972117
DT,0.7196158250659981,0.7327839512005682,0.7396403357478993,0.7665502421730868,0.8446017699115045,0.7833483074723204
RF,0.5041121705622592,0.4994102034797995,0.5093159467964773,0.4998510574918082,0.4987610619469027,0.4990494296577947
AdaBoost,0.7477117060645877,0.7363259103426218,0.6983765582534823,0.7538301387266287,0.7274196727030992,0.52789037130365
GBM,0.7570533730326152,0.7397690725103595,0.7496259689761493,0.7690147215205707,0.7911229084257029,0.5874511215605103
NN,0.5441638841005982,0.5623593435675489,0.5349533181592256,0.5330051944784939,0.4899115044247788,0.4945078158005914
NN_l2,0.5386573365317775,0.5423333028743581,0.5348795935942007,0.5330051944784939,0.4899115044247788,0.4945078158005914
