,Serie_6_Gap_6,Serie_6_Gap_12,Serie_12_Gap_6,Serie_12_Gap_12,Serie_24_Gap_6,Serie_24_Gap_12
logit_l1,0.8175275222906646,0.7939204145051179,0.8049857837925025,0.8487089993987431,0.8352199188122641,0.7806178144756677
logit_l2,0.8173449216662447,0.7937473521459041,0.8047556973859277,0.8480384976621687,0.8353879519662804,0.7809997925119305
DT,0.7916007088009451,0.7327839512005683,0.7396403357478993,0.7665502421730868,0.8446017699115045,0.7833483074723204
RF,0.6971775819601321,0.6484772935262217,0.6570494832011831,0.6407072098661407,0.7316104591680379,0.5613052749466906
AdaBoost,0.8279898742722133,0.7988365644941109,0.7921168667613664,0.8296451396993216,0.8593600218763702,0.7637904820472823
GBM,0.8553504184899003,0.7947532338432443,0.8195714686106416,0.8240385603090059,0.8358345788091524,0.7374651957512443
NN,0.7594255176376516,0.7903923868829807,0.822879393361051,0.8037189857352041,0.7976215576541364,0.7303149068928536
NN_l2,0.7592863933523794,0.7998512182897839,0.8228465980439801,0.8034830877500917,0.797700435170037,0.7301398169605248
