,Serie_6_Gap_6,Serie_6_Gap_12,Serie_12_Gap_6,Serie_12_Gap_12,Serie_24_Gap_6,Serie_24_Gap_12
logit_l1,0.7125401576616994,0.7027818036888129,0.6552042019896911,0.701484295003632,0.5403374450588402,0.34125000000000005
logit_l2,0.7126003901193321,0.7027125216461028,0.6552042019896911,0.7014023074015686,0.5403374450588402,0.34125000000000005
DT,0.7133712602181228,0.7190605491181665,0.7271392815939965,0.734034752985653,0.8132295543809818,0.781720849290503
RF,0.3587732763696904,0.33251521696446096,0.353278187401815,0.3788879480666103,0.3747340425531915,0.3452937737503654
AdaBoost,0.7465917917916763,0.7350697147570295,0.6982815390934636,0.7351346518470917,0.7332361308206681,0.4694697886333476
GBM,0.755148070282446,0.7369485876815376,0.7491263555499291,0.7463609868856487,0.7845244169601445,0.5700349961684472
NN,0.4643107789642358,0.4730805640166448,0.4164308164545647,0.4562448404904615,0.3705488621151272,0.3432299684773844
NN_l2,0.4552162420157987,0.43750449767892574,0.4163869482805308,0.4562448404904615,0.3705488621151272,0.3432299684773844
