,Serie_6_Gap_6,Serie_6_Gap_12,Serie_12_Gap_6,Serie_12_Gap_12,Serie_24_Gap_6,Serie_24_Gap_12
logit_l1,0.5,0.5,0.5,0.5,0.5,0.5
logit_l2,0.5623985800703893,0.556142432655401,0.5645757060742651,0.5371916170601361,0.5540824640728029,0.5470489083643277
DT,0.6389029546112295,0.616529403993381,0.6308342314106004,0.5271535033504768,0.5641578861377161,0.5381053032968142
RF,0.5,0.5,0.5,0.5,0.5,0.5
AdaBoost,0.5817636391970192,0.5358018062629013,0.6102252374586669,0.5661033913576707,0.5617418940435013,0.570393391609239
GBM,0.6382284070923623,0.6053901270039599,0.6061487823735663,0.5882209234851259,0.5453849794910843,0.5623760327873693
NN,0.503602545187398,0.4998434002756769,0.5087289271727312,0.5014531500639167,0.5106144616623425,0.4861745135248734
NN_l2,0.5010058509357247,0.4990703660732479,0.4973478490769557,0.5027704124206233,0.5157812320499283,0.4968461390193147
