,Serie_6_Gap_6,Serie_6_Gap_12,Serie_12_Gap_6,Serie_12_Gap_12,Serie_24_Gap_6,Serie_24_Gap_12
logit_l1,0.4957509270704573,0.4953030450907671,0.4953030450907671,0.4947496181540476,0.4950101958845702,0.495547452932721
logit_l2,0.3574324688180576,0.42383952794743857,0.4111781681523464,0.4510509363647118,0.4446907562649114,0.4379771887159183
DT,0.2981220643042306,0.3398601948592787,0.3849039511216158,0.3439210000879987,0.22542613087175414,0.2631363990095876
RF,0.4957509270704573,0.4953030450907671,0.4953030450907671,0.4947496181540476,0.4950101958845702,0.495547452932721
AdaBoost,0.4747032223856528,0.5051972205623022,0.3849143931158712,0.35132500367058,0.38041733957032825,0.3424875668045402
GBM,0.4148536439846049,0.3950480266101485,0.3811074027329021,0.383417692114265,0.4341589744009885,0.3202789943786968
NN,0.4782620088724205,0.4899985749736063,0.4559087182087518,0.4886512692355284,0.4755037326583398,0.4644191383698022
NN_l2,0.4701574024816984,0.4791422602666444,0.4651213209821243,0.488194528964558,0.4967311182047102,0.4729366000400951
