,Serie_6_Gap_6,Serie_6_Gap_12,Serie_12_Gap_6,Serie_12_Gap_12,Serie_24_Gap_6,Serie_24_Gap_12
logit_l1,0.5,0.5,0.5,0.5,0.5,0.5
logit_l2,0.5852213927349169,0.5877991045138019,0.5892919760354919,0.5888435333238111,0.5992015953021332,0.5848587515385791
DT,0.6229958658630268,0.6339689609142058,0.6555581626186814,0.5303354271352286,0.5571241633605926,0.5436440838480034
RF,0.5315592019458979,0.5223667782745594,0.5183253985847646,0.517121743715641,0.4770114201224768,0.4922701977598232
AdaBoost,0.6933694069238049,0.6386645854945566,0.6517666611326554,0.5900950533795981,0.5936652074239637,0.5993090007333929
GBM,0.6975386576067801,0.6620902632430009,0.6522253762887769,0.6147948994141006,0.5947941567296036,0.6021955340189289
NN,0.5206940169072006,0.5168592534586771,0.5065514056868523,0.5119015401203444,0.5347007103167966,0.4764822655684435
NN_l2,0.5089502229554324,0.4992655439341318,0.5054503613581424,0.508439070508036,0.5301417483801034,0.4896292313190237
