,Serie_6_Gap_6,Serie_6_Gap_12,Serie_12_Gap_6,Serie_12_Gap_12,Serie_24_Gap_6,Serie_24_Gap_12
logit_l1,0.491573464072315,0.4906935144673548,0.4906935144673548,0.4896083565008502,0.490119000275322,0.49117350661986997
logit_l2,0.504137098994958,0.5046565665202195,0.5050942973796436,0.5040591656828203,0.5052946514351043,0.504033233433274
DT,0.5098257524414336,0.508580819802743,0.5096677742883565,0.5022147859922633,0.5065810501569209,0.5030223862832112
RF,0.491573464072315,0.4906935144673548,0.4906935144673548,0.4896083565008502,0.490119000275322,0.49117350661986997
AdaBoost,0.5088535530954874,0.509258791855965,0.5081632169823362,0.505385824128767,0.5048449592273028,0.5048972044618893
GBM,0.5098280766545055,0.5079212591937758,0.5078339192586881,0.5072641860504874,0.5042024619548315,0.5044192249399335
NN,0.5005395329078723,0.4999609235032177,0.5009563067515053,0.5003541624864876,0.5016174040945852,0.4982594697432928
NN_l2,0.5001280113530138,0.4998421414714863,0.4996609816491544,0.5006504465103371,0.5041292870799786,0.4995511605964362
