,Serie_6_Gap_6,Serie_6_Gap_12,Serie_12_Gap_6,Serie_12_Gap_12,Serie_24_Gap_6,Serie_24_Gap_12
logit_l1,0.6941987219646661,0.6003728195782349,0.6765451705285082,0.6718342639047759,0.6788647179137985,0.6707909017123044
logit_l2,0.6883063622256705,0.6676724811247071,0.7157636032283259,0.7555681393478827,0.645138272028425,0.6980135503282141
DT,0.771875030119611,0.7579869825566259,0.7526232751887529,0.7296822089085699,0.715897891425163,0.7246423810259441
RF,0.4999556639326092,0.5042759697995314,0.5020781046602447,0.5019394769924234,0.5018360753936458,0.5070207832184522
AdaBoost,0.5122690428228581,0.5037912002082789,0.5100973704764384,0.5101521002978584,0.5222202560905994,0.5170443724615612
GBM,0.5212350486251001,0.5255485550637855,0.5320770632647748,0.5364831194717827,0.5145689286637671,0.5333821302083717
NN,0.5933847695970237,0.5919677167404321,0.6146706586826347,0.5914260960168523,0.6212233740269248,0.6142613158481951
NN_l2,0.5953235087178201,0.5902488935173132,0.6184436344701899,0.5964109765903711,0.6090732139063032,0.6135144457549581
