,Serie_1_Gap_6,Serie_1_Gap_12,Serie_1_Gap_18,Serie_1_Gap_24,Serie_6_Gap_6,Serie_6_Gap_12,Serie_6_Gap_18,Serie_6_Gap_24,Serie_12_Gap_6,Serie_12_Gap_12,Serie_12_Gap_18,Serie_12_Gap_24
AdaBoost,0.9294150780707134,0.927476388985084,0.9769539676978224,0.9987046210202176,0.9961598828409156,0.9954290111872888,0.9998367112778478,0.9830978910767616,0.9999845559935566,0.9999592154435916,0.9999927019486508,1.0
DT,0.9570904274590429,0.9653904049240802,0.9587147826463974,0.9752093193789864,0.9567735137107304,0.9605010793320731,0.9677349009853308,0.9695454097215028,0.9489188029904256,0.9608101799456767,0.9553749080178529,0.9641131609372868
GBM,0.9411565879700952,0.9179413624787536,0.9092998245797004,0.9271177692421406,0.9568052828897132,0.8889771900766722,0.99995695799582,0.9332107260706686,0.9207099609762012,1.0,0.9999998219987476,0.9251254910127608
logit_l1,0.7794383274950528,0.8141843214685949,0.7947052979977243,0.7718028317936614,0.8351830525973349,0.8655919775088644,0.8506508673415332,0.8473755851346171,0.9086929941324432,0.9131645625246816,0.932705736517562,0.8884810381104895
logit_l2,0.8016464832114103,0.7484991904470482,0.7743271160879281,0.759547928604657,0.8545009019622904,0.8016068031722572,0.8631909897132619,0.8127862037637298,0.9135848103242892,0.920307879756894,0.8975463951364362,0.9276997024600308
NN,1.0,1.0,1.0,1.0,1.0,1.0,1.0,1.0,1.0,1.0,1.0,1.0
NN_l2,1.0,1.0,1.0,1.0,1.0,1.0,1.0,1.0,1.0,1.0,1.0,1.0
RF,1.0,1.0,1.0,1.0,0.9999999294018244,1.0,1.0,1.0,1.0,1.0,1.0,1.0
