,Serie_1_Gap_6,Serie_1_Gap_12,Serie_1_Gap_18,Serie_1_Gap_24,Serie_6_Gap_6,Serie_6_Gap_12,Serie_6_Gap_18,Serie_6_Gap_24,Serie_12_Gap_6,Serie_12_Gap_12,Serie_12_Gap_18,Serie_12_Gap_24
AdaBoost,0.4977982385908727,0.4977180316986142,0.5316914682175887,0.5259430530099821,0.5081719889363842,0.5053513759481871,0.5081104353200084,0.5151629408501966,0.5084207137345893,0.5058024224444488,0.5129622613739193,0.5216102224066324
DT,0.5069098216092269,0.5061231287646382,0.505837001748571,0.512376521136785,0.5063977445239645,0.5078732039599285,0.5085620237461231,0.5054970594537932,0.5074905228237764,0.5089180342798175,0.5059605867472247,0.5049552161394782
GBM,0.4976233687667445,0.4981336314506615,0.497481684981685,0.5011566542846163,0.4981346461178014,0.499012120905612,0.5004484969851715,0.508698599556404,0.4992501503396197,0.5001051901045069,0.5024916765480658,0.5144807282761091
logit_l1,0.5049347374349717,0.5053004869450637,0.505373606867949,0.5074294132242486,0.5035836940522793,0.5054472522414315,0.5056496403105891,0.5070186289511442,0.5078262422509571,0.5077309153845256,0.5070528167450251,0.5080765756850363
logit_l2,0.5040454224444334,0.5050886664522539,0.505021224794567,0.509451435257118,0.5071310396373188,0.5059382190960853,0.5055529161629608,0.5057299731664702,0.5080447878019724,0.5067832895930793,0.5077439304249586,0.5061860620485198
NN,0.5047395696091348,0.502674753722296,0.5088144994650996,0.5089520831294498,0.5057079501758924,0.5034445814231425,0.5100404492229018,0.5111899313501145,0.5054742276749999,0.5050822819677854,0.5122162893473645,0.5090970803207153
NN_l2,0.5048499614499388,0.502674753722296,0.5086739691654402,0.5079985974038269,0.5056883877805656,0.5032140461892485,0.5093373643979408,0.5111899313501145,0.5055159076799675,0.5049539161578696,0.5130081671761646,0.5109080890786906
RF,0.4977982385908727,0.4977182210421507,0.5476732161323682,0.4971448052501492,0.6227724610180678,0.4976469581586378,0.4975544686527346,0.4978032816282614,0.4976469581586378,0.4975553382522891,0.4978030846484936,0.4982736296935693
