,Serie_6_Gap_6,Serie_6_Gap_12,Serie_12_Gap_6,Serie_12_Gap_12,Serie_24_Gap_6,Serie_24_Gap_12
logit_l1,0.4336756243336661,0.4544368941031421,0.4518553872178226,0.4596536035816377,0.4725412149799038,0.4965993065380645
logit_l2,0.4237742392160503,0.4346619383847098,0.4671409734490616,0.4563565757998082,0.4777927381083765,0.4950598008938136
DT,0.4751048889372974,0.4526242077101251,0.4777164809596799,0.4628685890630088,0.4783100337384262,0.4805547351802858
RF,0.4974414398517799,0.505759000418182,0.5014798575646598,0.5010845635845637,0.5014433989107921,0.5114904733336877
AdaBoost,0.5149808658215738,0.5045727242168621,0.5125674323200844,0.5129407559169946,0.5238327921241174,0.5252197195787264
GBM,0.5142193045500308,0.5262215051961113,0.5192799613671626,0.5274919621049197,0.5128151512736738,0.5076870360492771
NN,0.5221442979003615,0.5096184822560621,0.5186656537317088,0.5089227517123833,0.5193558019714155,0.519042852281599
NN_l2,0.5075309458154647,0.5096568651757822,0.5189297203662461,0.5086310988820255,0.5118167841819046,0.5229984213505814
