,Serie_6_Gap_6,Serie_6_Gap_12,Serie_12_Gap_6,Serie_12_Gap_12,Serie_24_Gap_6,Serie_24_Gap_12
AdaBoost,0.9941033030370208,0.9945389221556886,0.9941077844311376,0.9942172440739776,0.9909645763523216,0.9978568608651516
DT,0.7915761471957438,0.7333652694610778,0.7965508982035928,0.7593644178171399,0.8061273336524652,0.833342733066381
GBM,0.9816005320328088,0.9902275449101796,0.9771976047904192,0.9816618911174784,0.9863571086644328,0.9653149850544244
logit_l1,0.7014409221902017,0.7746586826347306,0.7487425149700598,0.7654076582443344,0.8015797032072762,0.885060064294174
logit_l2,0.6766127244513411,0.7049101796407186,0.7793532934131736,0.7372232352175045,0.82503590234562,0.8742879702216457
NN,0.9476391044114388,0.923065868263473,0.9293413173652696,0.9176348007293564,0.9269387266634752,0.9459139360442164
NN_l2,0.9210818000443358,0.9239760479041916,0.9281916167664672,0.9145610836155248,0.9186811871708952,0.9516665726693362
RF,0.9999113278652184,0.9998562874251496,0.9998083832335328,0.99953112789789,0.998324557204404,0.999548812813716
