,Serie_6_Gap_6,Serie_6_Gap_12,Serie_12_Gap_6,Serie_12_Gap_12,Serie_24_Gap_6,Serie_24_Gap_12
logit_l1,0.7241211338467322,0.6433972403020047,0.7178412913303828,0.7003109958435734,0.7056724426138443,0.6781985043798668
logit_l2,0.7049593746686842,0.6956254100494663,0.7359589690184847,0.7734902658074454,0.6797141187734069,0.6996587079535638
DT,0.7879021329503726,0.774934548294715,0.7723372038531633,0.7350801272976432,0.7289568096702103,0.7445461114121749
RF,0.8356822453326651,0.7510685758916948,0.7975316844571726,0.7065339705765767,0.7692722319355523,0.6962562089323621
AdaBoost,0.8631887270729521,0.8344658161936996,0.8543346003644885,0.8137687577154378,0.8165274944130574,0.835321172530874
GBM,0.8678609775139032,0.8657999479302265,0.8617299661546473,0.8379578015108102,0.8385245607882388,0.8433916607203138
NN,0.7983258315422206,0.7693686019265816,0.7907555324134341,0.7873483810321982,0.7876913831810629,0.8226862965787425
NN_l2,0.780759496110956,0.7757198646185889,0.7835905233012237,0.7800049831817616,0.7796095155935214,0.8160570326759242
