,Serie_1_Gap_6,Serie_1_Gap_12,Serie_1_Gap_18,Serie_1_Gap_24,Serie_6_Gap_6,Serie_6_Gap_12,Serie_6_Gap_18,Serie_6_Gap_24,Serie_12_Gap_6,Serie_12_Gap_12,Serie_12_Gap_18,Serie_12_Gap_24
RF,0.9876801995986044,0.9642207554878764,0.970278004660262,0.9591872364088048,0.9564483912285726,0.9890756582707768,0.9932260913452776,0.996954923302282,1.0,1.0,0.9728903246649876,0.9673542750851674
NN,1.0,1.0,1.0,1.0,1.0,1.0,1.0,1.0,1.0,1.0,1.0,1.0
NN_l2,1.0,1.0,1.0,1.0,1.0,1.0,1.0,1.0,1.0,1.0,1.0,1.0
logit_l2,0.4402514331447431,0.4593817982222316,0.4458558226877239,0.4268274274844486,0.4844580868195869,0.4935684876260735,0.4864988744021782,0.4915469437080046,0.5338501796964776,0.5303074509983987,0.5092027547392024,0.5157102757319688
DT,0.4969751565256526,0.5155030005361639,0.5023961834778468,0.5311144481482746,0.5101998069696285,0.5180674921769686,0.5285287604320481,0.5259664579219601,0.506616110615356,0.5238345205556241,0.5058568730000633,0.5102037537778787
GBM,0.7330183867467409,0.7157611108151778,0.6437178315283335,0.7349351843925783,0.7816873609888442,0.6551976273780888,0.9834316178870636,0.7309479496579412,0.7461437660849471,0.9876747676955332,0.9891790652141056,0.7780543148468231
AdaBoost,0.5347291663563528,0.5297167301512296,0.6026196119415984,0.6906369809453186,0.6990261676051672,0.6301078902077208,0.8230487799176645,0.5592602456214697,0.9102682862720652,0.8969836134015239,0.904626713718441,0.9841892607846168
logit_l1,0.43955069154143706,0.44957132214078893,0.4660638898664978,0.4204255048605383,0.48208307981152104,0.4928757357338712,0.4890672863794948,0.4894554570054354,0.522325709186032,0.5349505454851794,0.5183194168772122,0.5269599398840177
