,Serie_1_Gap_6,Serie_1_Gap_12,Serie_1_Gap_18,Serie_1_Gap_24,Serie_6_Gap_6,Serie_6_Gap_12,Serie_6_Gap_18,Serie_6_Gap_24,Serie_12_Gap_6,Serie_12_Gap_12,Serie_12_Gap_18,Serie_12_Gap_24
AdaBoost,0.9955964771817454,0.9954360633972285,0.995586326265686,0.9950679242017824,0.9957254211717376,0.9954743255004352,0.9953875373066836,0.9958431230797036,0.9955648317244978,0.9953004970628108,0.996073776479182,0.996708816906288
DT,0.9982209922909666,0.9975042427872616,0.9976254722072316,0.9968613277534716,0.9977011494252872,0.9974267616785432,0.9973423285290812,0.9970960381663556,0.9977486696684404,0.9973558425709346,0.9974535809018568,0.9978217821782178
GBM,0.9952467375334888,0.9951573849878934,0.99496336996337,0.9944144144144144,0.9951811529537749,0.9951752389622212,0.995166334944555,0.9960448859455482,0.9951780415430268,0.9951290793960058,0.9960046774507894,0.9967033920360892
logit_l1,0.9989144855867808,0.9987868494480164,0.997670290658975,0.9982560167422392,0.997039856221588,0.9972794810086848,0.997341603898981,0.997863247863248,0.9970189441292432,0.996644626467976,0.9973417850935488,0.9976802449661316
logit_l2,0.9983126431240208,0.9979157525230364,0.9981800533851009,0.9988747608866884,0.9981681253816406,0.9973182052604436,0.9974189204354168,0.9974386339381004,0.9971070395371264,0.9966037358905204,0.9975409836065574,0.9975573092822247
NN,0.9963478260869564,0.9957604663487016,0.9964088397790056,0.9948862634456004,0.9962067748764996,0.9957159784887428,0.9962335216572504,0.9960640732265448,0.995982468955442,0.9956718103123824,0.9963075786947292,0.9969927472138688
NN_l2,0.9963529003126086,0.9957604663487016,0.9964055299539172,0.9948704342442736,0.9962061055232044,0.9957042317886848,0.996219638975522,0.9960640732265448,0.9959839357429718,0.9956673259866252,0.9963133640552996,0.9970811958252256
RF,0.9955964771817454,0.9954364420843014,0.9953464322647364,0.9942896105002984,0.9955449220361356,0.9952939163172756,0.9951089373054692,0.9956065632565227,0.9952939163172756,0.9951106765045782,0.9956061692969872,0.9965472593871384
