,Serie_6_Gap_6,Serie_6_Gap_12,Serie_12_Gap_6,Serie_12_Gap_12,Serie_24_Gap_6,Serie_24_Gap_12
logit_l1,0.5,0.5,0.5,0.5,0.5,0.5
logit_l2,0.7592291202935026,0.7401169671515464,0.7499748683374683,0.7414138201740165,0.7569516912163493,0.7587598073928332
DT,0.8020968498571052,0.7732983187844376,0.7776290906181123,0.7496121989324931,0.7362610573063326,0.7596615307572894
RF,0.6753135256805353,0.6520379381932649,0.670921335938538,0.6535689584931629,0.6513755978838192,0.6534999199371518
AdaBoost,0.8401390661409497,0.8205667045324031,0.8230406443217804,0.8044866890714473,0.795379432086595,0.7871110550111742
GBM,0.8573362104275382,0.8366543508917682,0.8471919950789863,0.8252741734803015,0.8314031084776501,0.7947089276418019
NN,0.7208636230433467,0.718503223683314,0.7227056465047745,0.7270811509271892,0.7542533564495089,0.7133015869181735
NN_l2,0.7140764728900559,0.6974743449388272,0.7211164833117693,0.7068841113157487,0.7464684362120909,0.7411029177587996
