,Serie_6_Gap_6,Serie_6_Gap_12,Serie_12_Gap_6,Serie_12_Gap_12,Serie_24_Gap_6,Serie_24_Gap_12
logit_l1,0.4881775951564957,0.4877560465209868,0.4877560465209868,0.487206342770908,0.4938566206336312,0.4840026840655026
logit_l2,0.6788723943892441,0.6620387138315426,0.6713650448710211,0.6661936617339009,0.6781833874898456,0.6882914780920292
DT,0.7415161404688964,0.7163567950420541,0.7189725944706025,0.6870621888866365,0.6982762997562957,0.686535413959996
RF,0.4952501295419216,0.497182985230794,0.4948589480461991,0.4915534833434692,0.4955828594638506,0.4864868723498422
AdaBoost,0.7573338908938847,0.7426556400659986,0.7365487544770414,0.7333378381422169,0.7135205117790414,0.6912753594220693
GBM,0.7791060243811533,0.7514085073846031,0.7648798744416274,0.7502421334774872,0.7591642973192526,0.7151892408948789
NN,0.5940383444087889,0.5576481950983943,0.5550625779709445,0.5538662522242493,0.5812982331437856,0.5389118113159059
NN_l2,0.5913747806877995,0.5715622359048654,0.5526681154171194,0.5611865666599094,0.5772618805848904,0.542238339305855
