,Serie_1_Gap_6,Serie_1_Gap_12,Serie_1_Gap_18,Serie_1_Gap_24,Serie_6_Gap_6,Serie_6_Gap_12,Serie_6_Gap_18,Serie_6_Gap_24,Serie_12_Gap_6,Serie_12_Gap_12,Serie_12_Gap_18,Serie_12_Gap_24
AdaBoost,0.0,-0.0006167845296535637,0.06563596271534775,0.08370118024081677,0.030518421975549905,0.02013168117911673,0.030121003319973763,0.0403395109830353,0.03095845789030849,0.02110328016500244,0.05214560970912955,0.044806090346119036
DT,0.08186481247568733,0.06806702315367218,0.06830343777559482,0.10023422464783588,0.07232665608056604,0.07873359512502913,0.08264858823052458,0.05689033078718536,0.08102325830743018,0.08482029591859465,0.065221951696144,0.0565455519491488
GBM,-0.018742639797534204,-0.014565621904823831,-0.017389601463833542,0.006935831337552492,-0.014693975655061453,-0.006859521723188784,0.003102344700623926,0.041223935437614496,-0.005850991511165558,0.0008521340360200193,0.020428606867940884,0.036022363548748125
logit_l1,0.07041516493880091,0.07312674235513725,0.06525290641616074,0.08723112495573572,0.04417521043957928,0.06145391213485224,0.0644832403448729,0.07796013486222887,0.07161903443219096,0.06626558528157815,0.07005247984667133,0.07030432332668922
logit_l2,0.05770488927163143,0.06481812893908515,0.06639850052236702,0.107528703629647,0.08319662941155467,0.06525236324849985,0.06460447349722341,0.0635024212063332,0.07433927358143656,0.060868894066014124,0.07742017319871071,0.05773117786889598
NN,0.03867507634180526,0.018932986594754588,0.06326838669537405,0.04264704209680017,0.041902854569677926,0.024140014571971725,0.06614495493089254,0.04788481320051008,0.03883601830981406,0.03328023075287408,0.06167098719455848,0.04788258043567413
NN_l2,0.039282068558023804,0.018932986594754588,0.06264233552974538,0.03971219951656108,0.04180844900989216,0.022959979219462318,0.06327496241794307,0.04788481320051008,0.039032210134381455,0.032708761460733746,0.06395058507256238,0.05741484457607037
RF,0.0,0.0,0.04073491650079362,0.0,0.06635829192378709,0.0,-0.0013220228427794911,0.0,0.0,0.0,-0.0006290453163306762,-0.0010935528621323065
