,Serie_1_Gap_6,Serie_1_Gap_12,Serie_1_Gap_18,Serie_1_Gap_24,Serie_6_Gap_6,Serie_6_Gap_12,Serie_6_Gap_18,Serie_6_Gap_24,Serie_12_Gap_6,Serie_12_Gap_12,Serie_12_Gap_18,Serie_12_Gap_24
RF,0.767303432393903,0.7355467654792487,0.7102336628679737,0.7696642366770639,0.6915696316939068,0.745442040765287,0.7484472201016779,0.7514574633888138,0.7913037701638114,0.8113705394123474,0.6321356892901253,0.6906831760325569
NN,0.7716591731549513,0.7313722369986436,0.7853825039913802,0.7848729948747604,0.7763771936431423,0.7592487807927972,0.7938489775366674,0.8086073045933071,0.7783090533950232,0.7701447203859209,0.7923987678644945,0.7834942419257078
NN_l2,0.7706283583726284,0.7313995165458032,0.7887171743387679,0.7833722694601738,0.7782676809520223,0.7552128923346255,0.7938733412380009,0.807605643121802,0.7798940227585344,0.7683694186820862,0.7977526024819149,0.7830981037319249
logit_l2,0.7151244654019081,0.7215137117612735,0.7172057979221228,0.8159129348969195,0.7412781501845297,0.6847341190446417,0.6925853135608362,0.6823134152796565,0.6703490371389271,0.6352201666477172,0.6920506675292596,0.6671714001212227
DT,0.7531359432686332,0.6829101214697615,0.7206812479846478,0.7008195777498587,0.7156963169390675,0.6965424534200326,0.6956380853379246,0.6519979930012351,0.7249577966737527,0.7038811376224275,0.6796116861730283,0.6692505844661876
GBM,0.7642921372957561,0.7477058658604044,0.7451784913762592,0.8536869484226391,0.7512028319650523,0.7194275978491935,0.7582666038624588,0.8059689834146915,0.7093191196698762,0.7116019945750158,0.764881565017938,0.8495151095332929
AdaBoost,0.8644427386043791,0.8478346859442133,0.8388253151814014,0.8495641115526431,0.8508337726896136,0.8178988995873453,0.8202705995094774,0.8283905781332705,0.8409325372014506,0.8290317865090064,0.8185412133152973,0.7945536410078794
logit_l1,0.7541221625178198,0.7548887221805451,0.7037680201967771,0.782250883419351,0.639983429991715,0.6704514192822308,0.7084176588107265,0.7322751867317533,0.6619834000250093,0.6398517062712168,0.6903120037640416,0.6513388605074032
