,Serie_1_Gap_6,Serie_1_Gap_12,Serie_1_Gap_18,Serie_1_Gap_24,Serie_6_Gap_6,Serie_6_Gap_12,Serie_6_Gap_18,Serie_6_Gap_24,Serie_12_Gap_6,Serie_12_Gap_12,Serie_12_Gap_18,Serie_12_Gap_24
AdaBoost,1.0,0.9999166458281236,0.9952418029241284,0.9857706154637408,0.984258492129246,0.9833218707015132,0.9832052885474362,0.9924351585014408,0.9841815680880329,0.9838306235483296,0.9824387608069164,0.9964499090830377
DT,0.8122235625251307,0.8328748853880137,0.7996366467687516,0.8984227670152579,0.8270091135045567,0.8664030261348006,0.8716276576737538,0.8658141210374641,0.8382049518569463,0.8760943362515633,0.8466318443804035,0.8726296649060524
GBM,0.926095697627664,0.924981245311328,0.9399602041699108,0.9461683524772844,0.9239436619718309,0.9398211829436038,0.9380025013400036,0.9752341498559076,0.9226272352132049,0.9125424334464892,0.920479106628242,0.9948047449995672
logit_l1,0.6660233212706071,0.6862548970575977,0.7780084782420624,0.7359849134236242,0.7813587406793704,0.8193775790921596,0.8043594782919421,0.8411383285302594,0.8913342503438789,0.9021797391459709,0.8785122478386167,0.9309896960775824
logit_l2,0.6661037394451146,0.7582729015587231,0.7117397698762868,0.7609291959540545,0.8125932062966031,0.8312414030261348,0.7939967839914239,0.8416786743515849,0.8889270976616231,0.8912810434161158,0.8768011527377522,0.9193869599099488
NN,0.9214314435062324,0.9397349337334332,0.9361536465092136,0.9672552717298132,0.9356255178127588,0.939133425034388,0.9451491870644988,0.9800072046109509,0.9377579092159559,0.9453278542076112,0.971992074927954,0.976015239414668
NN_l2,0.9227181342983516,0.9397349337334332,0.935288519768146,0.9642551002914452,0.9354598177299088,0.936554332874828,0.9416651777738074,0.9800072046109509,0.938101788170564,0.9443451849204932,0.9735230547550432,0.9761018269980084
RF,1.0,1.0,0.9992213859330392,1.0,0.999751449875725,1.0,0.9996426657137752,1.0,1.0,1.0,0.9999099423631124,0.9996536496666378
