,Serie_6_Gap_6,Serie_6_Gap_12,Serie_12_Gap_6,Serie_12_Gap_12,Serie_24_Gap_6,Serie_24_Gap_12
logit_l1,0.5,0.5,0.5,0.5,0.5,0.5
logit_l2,0.6769281325801325,0.659750414691523,0.6691141421205852,0.6639974423677337,0.6773870361335932,0.6876387307757978
DT,0.7388354749116319,0.7129816633003061,0.716853793357592,0.6849825835867689,0.6972416833604963,0.6854185837619081
RF,0.5068747576624366,0.5091621681350953,0.5069020629499406,0.5042081185400178,0.5016875048334014,0.5023138919683376
AdaBoost,0.7565202541655842,0.7415346438490834,0.7356397946052008,0.7315904561675856,0.7131949358628072,0.6918616263031825
GBM,0.7775055921422398,0.7498638270245461,0.7637976041918788,0.7488094626135359,0.7588424934609925,0.7140638203760061
NN,0.6013857050574737,0.5670274272879489,0.5641722969928763,0.5637649685245472,0.5857195537377962,0.5515743999112959
NN_l2,0.5987157048207724,0.5794127960377443,0.5620820762598439,0.5707359804543065,0.5817053646091102,0.5549560062741876
