,Serie_6_Gap_6,Serie_6_Gap_12,Serie_12_Gap_6,Serie_12_Gap_12,Serie_24_Gap_6,Serie_24_Gap_12
logit_l1,0.0,0.0,0.0,0.0,0.0,0.0
logit_l2,0.7591559802493695,0.7531965039772169,0.7610330943729746,0.7498297937759427,0.7422008225499047,0.7080405068894915
DT,0.8522077368477141,0.8508101738191103,0.803378179318472,0.7662574396591483,0.7814474872103521,0.7203253832106691
RF,0.015239245497495647,0.01997446724933713,0.015103604045958953,0.009641359014341249,0.00484000401243856,0.0076365447401914675
AdaBoost,0.7909310504067351,0.7873121869782972,0.7727585191004616,0.7998814046954956,0.7396930484501956,0.6735377123568148
GBM,0.8451920002841817,0.8129431405283315,0.8079937150152214,0.8048009136230866,0.7850336041729361,0.7492391123900172
NN,0.2906468686725161,0.18401256996955712,0.1921634096042424,0.1769046625524345,0.2258752131607985,0.15580211388412374
NN_l2,0.288249085290043,0.25882352941176473,0.1776490228812727,0.1975270682801485,0.22005717724947335,0.15746223230590448
