,Serie_6_Gap_6,Serie_6_Gap_12,Serie_12_Gap_6,Serie_12_Gap_12,Serie_24_Gap_6,Serie_24_Gap_12
AdaBoost,0.5200761757562375,0.5074126607145475,0.5179163784081032,0.5198403212697805,0.5257685305649583,0.5544090288812527
DT,0.5161560292630958,0.5140353598243338,0.5164741368245411,0.5144852513674395,0.5148417216935653,0.5121932242476512
GBM,0.5114860984426202,0.5269394114156428,0.5150664288542901,0.5226651455956015,0.5115779708824076,0.5075324881316421
logit_l1,0.50919741711465,0.5061557469703211,0.5100144002027176,0.5110647978282485,0.5121258149454057,0.5126146261438165
logit_l2,0.5085476328289371,0.508627188846261,0.5133229214256873,0.5152126792681907,0.5108467971508462,0.5135256387923746
NN,0.5181886776896367,0.5136345499669079,0.5182292280584742,0.5138231794684367,0.5189493015317882,0.5166050493494844
NN_l2,0.5128186464237271,0.5135283819791958,0.5185418463349305,0.5140956341286816,0.5155578127838334,0.5182833686486003
RF,0.4949523767721547,0.6945971563981043,0.5945734597156398,0.5441024980685037,0.511728634793451,0.596192395990817
