,Serie_6_Gap_6,Serie_6_Gap_12,Serie_12_Gap_6,Serie_12_Gap_12,Serie_24_Gap_6,Serie_24_Gap_12
logit_l1,0.5,0.5,0.5,0.5,0.5,0.5
logit_l2,0.7529639205138884,0.7416343010635452,0.7487385427908824,0.753293160634866,0.7807730659504889,0.7765852054043958
DT,0.8456835319474441,0.8059748572195784,0.8133110875318426,0.848340146500664,0.8707243326529306,0.8531521575443688
RF,1.0,1.0,1.0,1.0,1.0,1.0
AdaBoost,0.8799256228860032,0.8568627949181152,0.8515643993944568,0.8253621117514999,0.8619997821529514,0.8634186456538808
GBM,0.9017180778863642,0.8811182864260894,0.8975611637287301,0.8751313705965242,0.9102302118191672,0.8818135851971801
NN,0.9830426210625132,1.0,0.9999571877097394,1.0,1.0,1.0
NN_l2,0.9823118150614871,0.9798254386868306,1.0,1.0,1.0,1.0
