,Serie_1_Gap_6,Serie_1_Gap_12,Serie_1_Gap_18,Serie_1_Gap_24,Serie_6_Gap_6,Serie_6_Gap_12,Serie_6_Gap_18,Serie_6_Gap_24,Serie_12_Gap_6,Serie_12_Gap_12,Serie_12_Gap_18,Serie_12_Gap_24
RF,0.5,0.5,0.5087016020574286,0.5,0.5089666340287715,0.5,0.4998213328568876,0.5,0.5,0.5,0.4999549711815562,0.4998268248333189
NN,0.5788975399349344,0.5335038305030803,0.6135313687091523,0.5507918149693842,0.5769036679972885,0.5422939852444667,0.6089382298958858,0.5512280921013939,0.568878954607978,0.5544821089219875,0.5778327721578546,0.5630076197073339
NN_l2,0.5795408853309939,0.5335038305030803,0.6130988053386185,0.5492917292502002,0.5768208179558635,0.5410044391646868,0.6071962252505401,0.5512280921013939,0.569050894085282,0.5539907742784284,0.5785982620713992,0.5755509134990042
logit_l2,0.7057791424498301,0.7064091780520888,0.7195062485745071,0.8058377323053855,0.7426602395119379,0.6792570651494311,0.6879074829048029,0.6759413779921191,0.6717362761035388,0.6365496126171488,0.6935026171852026,0.6346934799549744
DT,0.7424754176262017,0.6891647154212796,0.6998183233843758,0.7029427267912112,0.7044136476613693,0.6968378767037641,0.6994501924732406,0.6471927748044463,0.7191024759284732,0.7016835317621453,0.6784179630065283,0.6613148324530262
GBM,0.4630478488138319,0.471581531746573,0.4699801020849554,0.5103976090744631,0.4710627400768246,0.4880924096536201,0.5053648870336381,0.5488415647238722,0.4885863448793298,0.5017257621777901,0.5418722063753455,0.5224023724997835
AdaBoost,0.5,0.4999583229140618,0.5339845378257005,0.5675121734035122,0.5284928824282594,0.5189336626234838,0.5279662806373544,0.5268298241486796,0.5284544204076529,0.519188039046892,0.5524438701993766,0.5232249545415187
logit_l1,0.7511934788171217,0.7522183576197079,0.6980951482119403,0.7560521582043493,0.6361339157942306,0.6733251531824433,0.6839979209641529,0.7164875316120685,0.6638489433537577,0.6419989604820764,0.6739500014703288,0.6529948480387913
