,Serie_1_Gap_6,Serie_1_Gap_12,Serie_1_Gap_18,Serie_1_Gap_24,Serie_6_Gap_6,Serie_6_Gap_12,Serie_6_Gap_18,Serie_6_Gap_24,Serie_12_Gap_6,Serie_12_Gap_12,Serie_12_Gap_18,Serie_12_Gap_24
RF,0.4988966900702106,0.4988565013098258,0.5140246879140805,0.4985683148852515,0.5157710284466348,0.498820704146833,0.4986853246579616,0.4988992227164488,0.498820704146833,0.4987746736176091,0.4988767074047448,0.4990490187602663
NN,0.4911533729208791,0.4923856137651072,0.5024484518390641,0.5100887635058396,0.4967011334639759,0.4936748120565013,0.5069394514065487,0.51564585114502,0.4969208625351431,0.498237081193237,0.5163900615621008,0.5117720885404214
NN_l2,0.4916950419383533,0.4923856137651072,0.5019761105708717,0.5079173549618041,0.4966232964965679,0.4925994856582109,0.5048341439943596,0.51564585114502,0.4970832764452831,0.4977641384830658,0.5179613675702087,0.5149118178745666
logit_l2,0.4091789015443433,0.4429080829377727,0.4271560828021127,0.4514752069240194,0.4636536229504176,0.4675360426791336,0.4554514207847164,0.4701276792421361,0.4881788509552405,0.4867435393416713,0.4839781361946173,0.4926523454484779
DT,0.4630791496753762,0.4682470441819756,0.4575899720212758,0.4989814005864642,0.4668983741424871,0.4813592839908629,0.4841948777247879,0.47687617260788,0.4722736013098742,0.4861148223625078,0.4720062067926309,0.4772904380462641
GBM,0.4797134049820878,0.4804394932227984,0.4833400062280351,0.4919886798609455,0.4801468177777746,0.4859952377973595,0.4881817101945555,0.5109466525465797,0.4818966917456812,0.4808363653929034,0.4868874987303352,0.5174844248671908
AdaBoost,0.4988966900702106,0.4988356620093147,0.5327947366903023,0.5363509887760272,0.5110436328874517,0.5065851528744012,0.5108237868397671,0.5191269335880496,0.5113811422612983,0.5073184632571169,0.5186046427276024,0.5223860586315819
logit_l1,0.4104080640951603,0.4184147374364765,0.4499323569928699,0.4398994276672135,0.4479831132623195,0.4630811743021534,0.45887802683708206,0.4721550155820364,0.4884800348848454,0.4914645948410896,0.4832674221975946,0.4991966039721262
