,Serie_6_Gap_6,Serie_6_Gap_12,Serie_12_Gap_6,Serie_12_Gap_12,Serie_24_Gap_6,Serie_24_Gap_12
logit_l1,0.24408879757824786,0.24387802326049335,0.24387802326049335,0.243603171385454,0.2469283103168156,0.2420013420327513
logit_l2,0.6822732885491762,0.6659463684723415,0.6754901157421644,0.6693815219385115,0.6806025068844676,0.6879708927331525
DT,0.7530398288583119,0.7318282370046989,0.7242900535421781,0.6904982300431923,0.7033151256591275,0.6864728061663896
RF,0.7031773759842945,0.709729657351216,0.7077564840728242,0.6907985814756564,0.633351465607253,0.6076617235089925
AdaBoost,0.7580680319082913,0.7439977372384939,0.7372441056420258,0.7366528836928005,0.7138881173885439,0.6917791298906735
GBM,0.7836042150738131,0.7545902707733203,0.7663735018015019,0.7525751150551152,0.7596995698588177,0.7153660661376666
NN,0.6635125375449333,0.6601733778050973,0.642170669942129,0.6568010785605933,0.6766870833264831,0.6360590845744489
NN_l2,0.6590740752645827,0.6336423556044652,0.6500439471133691,0.6577010053674395,0.6702850658058555,0.6469582731381739
