,Serie_6_Gap_6,Serie_6_Gap_12,Serie_12_Gap_6,Serie_12_Gap_12,Serie_24_Gap_6,Serie_24_Gap_12
logit_l1,0.3350644112737699,0.3351219910096804,0.3351219910096804,0.3351970842797693,0.3342267384713358,0.335611779597688
logit_l2,0.675424302252852,0.6700037446301534,0.6764706156827183,0.6827155042475535,0.7026684670270633,0.6955827328718049
DT,0.7715340080454185,0.7350087117614381,0.7387412831080333,0.768747938176302,0.7971129306100659,0.7854403089966375
RF,1.0,1.0,1.0,1.0,1.0,1.0
AdaBoost,0.7966758679635106,0.7675236168203959,0.7595156902221503,0.7345875159923271,0.7734433829339377,0.7782393008252375
GBM,0.8166022585197505,0.7930752147380387,0.8132013512843635,0.7910779097746464,0.8354860379133482,0.7942582447592583
NN,0.97143364675073,1.0,0.9980899991784312,1.0,1.0,1.0
NN_l2,0.9706820507175904,0.962050110262576,0.999993368005146,1.0,1.0,1.0
