,Serie_6_Gap_6,Serie_6_Gap_12,Serie_12_Gap_6,Serie_12_Gap_12,Serie_24_Gap_6,Serie_24_Gap_12
AdaBoost,0.05,0.02564102564102564,0.04651162790697674,0.05128205128205128,0.06211180124223601,0.11627906976744184
DT,0.03549446040213377,0.031326139923424985,0.03696145124716553,0.03368200836820084,0.03485254691689008,0.027960526315789474
GBM,0.03263403263403263,0.06422018348623854,0.04032258064516129,0.05630026809651475,0.03389830508474576,0.022257551669316374
logit_l1,0.022925130586186882,0.020408163265306117,0.025817236255572064,0.02868852459016393,0.0304093567251462,0.029985721085197526
logit_l2,0.0215962441314554,0.022997620935765267,0.031539108494533216,0.03408655687476063,0.02889405513118565,0.03129074315514994
NN,0.04449838187702265,0.03601440576230492,0.044689119170984455,0.03714981729598051,0.04609375,0.03907815631262525
NN_l2,0.033659066232356136,0.035844471445929525,0.04522292993630573,0.03755868544600939,0.03957597173144877,0.04245810055865922
RF,0.0,0.4,0.2,0.1,0.03448275862068965,0.2
