,Serie_6_Gap_6,Serie_6_Gap_12,Serie_12_Gap_6,Serie_12_Gap_12,Serie_24_Gap_6,Serie_24_Gap_12
logit_l1,0.328037189072961,0.32784679159030816,0.32784679159030816,0.3275983491726932,0.3305917139652653,0.32614677133841297
logit_l2,0.6757433642955439,0.6579295592972211,0.6674644728210029,0.6626268114570227,0.6764527417485812,0.6877300247782827
DT,0.7370139242660512,0.7093479105595325,0.7158950669172669,0.6839772442573311,0.6956568905875868,0.685519519547974
RF,0.3444256408429423,0.34930518984597736,0.3441341165703178,0.3379588989824893,0.33561995098352604,0.3339097805127849
AdaBoost,0.7566683445530801,0.7415993409606899,0.7357455138415551,0.7313035895167521,0.7131638781680152,0.6912708733045202
GBM,0.7774574042865697,0.7497486440540331,0.7639459503486328,0.7488235531884186,0.7588601469427452,0.714227188270986
NN,0.5549038788163421,0.4878666341381416,0.4895735499094548,0.4820180751251905,0.5218332034879288,0.4619876600152549
NN_l2,0.552044426598324,0.527172549728684,0.4814172347665136,0.4964283796510605,0.5165000016312291,0.4651060604589505
