,Serie_6_Gap_6,Serie_6_Gap_12,Serie_12_Gap_6,Serie_12_Gap_12,Serie_24_Gap_6,Serie_24_Gap_12
logit_l1,0.4881775951564957,0.4877560465209868,0.4877560465209868,0.487206342770908,0.4938566206336312,0.4840026840655026
logit_l2,0.7019518199402145,0.6860148422078409,0.6969613947696139,0.6870862291569376,0.6986574426921498,0.6819003979259617
DT,0.8014507623660789,0.7859075535512965,0.7532413113137787,0.7104733405875953,0.7323978260202045,0.6857062902272939
RF,0.4916425984504653,0.4923854769631431,0.4912341219918023,0.4893207401870852,0.4947029312145058,0.485164716859255
AdaBoost,0.7671368375239866,0.7569793536804309,0.7453505007153076,0.7589864310841907,0.7202005498948729,0.6711080139372823
GBM,0.8138958876030234,0.7775805698271836,0.7811163602982334,0.7712815234173958,0.7688116942661416,0.7174699170771245
NN,0.5508547008547009,0.5257576622338908,0.5245960378187198,0.5231988600943984,0.5437561891248762,0.5128139620291567
NN_l2,0.5492198836856137,0.5362295686370898,0.5228924998290754,0.5277673667205169,0.5413170120197626,0.5146477526299011
