,Serie_1_Gap_6,Serie_1_Gap_12,Serie_1_Gap_18,Serie_1_Gap_24,Serie_6_Gap_6,Serie_6_Gap_12,Serie_6_Gap_18,Serie_6_Gap_24,Serie_12_Gap_6,Serie_12_Gap_12,Serie_12_Gap_18,Serie_12_Gap_24
AdaBoost,0.0,0.0,0.07272727272727272,0.14925373134328354,0.07272727272727272,0.054545454545454536,0.07272727272727272,0.061224489795918366,0.07272727272727272,0.054545454545454536,0.12244897959183673,0.05
DT,0.6727272727272727,0.5454545454545454,0.6,0.5074626865671642,0.5818181818181818,0.5272727272727272,0.5272727272727272,0.42857142857142855,0.6,0.5272727272727272,0.5102040816326531,0.45
GBM,0.0,0.01818181818181818,0.0,0.07462686567164177,0.01818181818181818,0.03636363636363636,0.07272727272727272,0.12244897959183673,0.054545454545454536,0.09090909090909093,0.16326530612244894,0.05
logit_l1,0.8363636363636363,0.8181818181818182,0.6181818181818182,0.7761194029850746,0.4909090909090909,0.5272727272727272,0.5636363636363636,0.5918367346938775,0.4363636363636363,0.3818181818181817,0.4693877551020408,0.375
logit_l2,0.7454545454545455,0.6545454545454545,0.7272727272727273,0.8507462686567164,0.6727272727272727,0.5272727272727272,0.5818181818181818,0.5102040816326531,0.4545454545454545,0.3818181818181817,0.5102040816326531,0.35
NN,0.2363636363636364,0.12727272727272726,0.2909090909090909,0.13432835820895522,0.21818181818181814,0.14545454545454545,0.2727272727272727,0.12244897959183673,0.2,0.16363636363636366,0.1836734693877551,0.15
NN_l2,0.2363636363636364,0.12727272727272726,0.2909090909090909,0.13432835820895522,0.21818181818181814,0.14545454545454545,0.2727272727272727,0.12244897959183673,0.2,0.16363636363636366,0.1836734693877551,0.175
RF,0.0,0.0,0.01818181818181818,0.0,0.01818181818181818,0.0,0.0,0.0,0.0,0.0,0.0,0.0
