,Serie_6_Gap_6,Serie_6_Gap_12,Serie_12_Gap_6,Serie_12_Gap_12,Serie_24_Gap_6,Serie_24_Gap_12
AdaBoost,0.03138888083844374,0.01060243006954439,0.026900431995243487,0.02838456844643194,0.04785742777173933,0.060905426803328826
DT,0.13255068377820595,0.120348496129804,0.12902325992662292,0.11536038367948287,0.11321301018451675,0.1046731088174162
GBM,0.031235099419833767,0.05246953538725199,0.043967569481757424,0.057511571517727775,0.025975267610322792,0.031714381570731316
logit_l1,0.08452518320692352,0.04971396906388759,0.08409504126949496,0.08720805903291842,0.09314248160071546,0.09283239464467166
logit_l2,0.08023898413259882,0.07606686950266807,0.10723062122983637,0.124705671644358,0.07935453094856454,0.10350381167348584
NN,0.08242682755805286,0.07082198611278434,0.0914408571425531,0.07109991092369887,0.09585610605771426,0.08711635411095432
NN_l2,0.06991189753175943,0.06988337440913918,0.09372648867202772,0.07372852506341777,0.08238787876102352,0.0911136972947412
RF,-0.0009461326832812212,0.057691994724848164,0.028038084625775568,0.018497111159557426,0.009281089967307496,0.051974838509226406
