,Serie_6_Gap_6,Serie_6_Gap_12,Serie_12_Gap_6,Serie_12_Gap_12,Serie_24_Gap_6,Serie_24_Gap_12
logit_l1,0.7348189289284269,0.7565611724540265,0.7523520659863283,0.7287286385593694,0.7383897727366342,0.7037799139915304
logit_l2,0.7350035346261715,0.7566018443995715,0.7525010082092047,0.7297191784731937,0.7388786858483829,0.7039410130415993
DT,0.7318469798254326,0.7479562031643818,0.7227147029960852,0.8017080761875122,0.7849093919057739,0.7214403088801264
RF,0.7341842744092744,0.2823183203239137,0.2823001461072845,0.7031835168898397,0.2935810200517854,0.2419149407464836
AdaBoost,0.7092868271680239,0.7545476572051752,0.7790430373753483,0.7642802595122378,0.7225121632610317,0.710202648249375
GBM,0.729753836431841,0.7603909620468148,0.7840521610692387,0.7620002134738832,0.6797003938251197,0.7318370206417291
NN,0.6541902531611588,0.6500730330013726,0.7208847849533505,0.7058575862040544,0.6709223043954333,0.7110713000261726
NN_l2,0.6551304946168799,0.6637912331804068,0.7129834005163546,0.7210102794766527,0.6719443210899166,0.7110713000261726
