,Serie_6_Gap_6,Serie_6_Gap_12,Serie_12_Gap_6,Serie_12_Gap_12,Serie_24_Gap_6,Serie_24_Gap_12
logit_l1,0.8178859911372307,0.8356268440220329,0.8443248283317744,0.8054933757756256,0.8026547583012336,0.8092918602077516
logit_l2,0.8175781765869691,0.8355716460330822,0.8442775167820664,0.8040826753625854,0.8025611951589585,0.8091128560730274
DT,0.7996970856950929,0.8112681132129884,0.8186503553184539,0.7299470254314527,0.7637347291106074,0.7805318584698855
RF,0.7572526160012902,0.6291619513955844,0.7637748175720637,0.7362871692431354,0.6082136592459899,0.6043711162188856
AdaBoost,0.8087426596219771,0.8361282458312941,0.8577557177924517,0.8252935216754647,0.7789124880401507,0.8509145753499803
GBM,0.8283371551764258,0.8591883925785844,0.8663007632840267,0.8275245787294643,0.800799594105155,0.827867863594307
NN,0.7370954008799189,0.7838089843477918,0.8067311644657029,0.7587066019587934,0.7770339442484822,0.8000537810378849
NN_l2,0.7401025492357944,0.7903795006998241,0.8052073881976779,0.7604689251927486,0.7772090002759598,0.8001071348524046
