,Serie_6_Gap_6,Serie_6_Gap_12,Serie_12_Gap_6,Serie_12_Gap_12,Serie_24_Gap_6,Serie_24_Gap_12
logit_l1,0.7346374056863942,0.7586734959593159,0.7412423820220929,0.7194622134505868,0.6657893524398093,0.6109946374996855
logit_l2,0.7348282162496671,0.75871044814319,0.7413532385737152,0.7202635710446286,0.6659939350912004,0.6110518522839858
DT,0.7315304934037429,0.7444207658377309,0.7210107141493136,0.7299470254314527,0.7637347291106074,0.7209963121416181
RF,0.5334310805472843,0.4998521912645038,0.4997782868967556,0.5054883747591923,0.4987213584288052,0.4998855704313995
AdaBoost,0.7088576217011253,0.758877576174819,0.7750144212717602,0.7556156384994226,0.7293927738638382,0.7021804928117275
GBM,0.7295455522350871,0.7641545960332699,0.7879060214203626,0.7513360062018309,0.6712569849339319,0.7319752896951919
NN,0.5945485390116052,0.5525450878643572,0.5832007188067768,0.6037907142753444,0.5576399684317271,0.5531956989066729
NN_l2,0.593034231478965,0.5493011573225588,0.5763524871299759,0.6183994831902533,0.5578445510831183,0.5531956989066729
