,Serie_6_Gap_6,Serie_6_Gap_12,Serie_12_Gap_6,Serie_12_Gap_12,Serie_24_Gap_6,Serie_24_Gap_12
logit_l1,0.7346975685291492,0.7573590143357048,0.7440868695621293,0.7167112365718125,0.6639847018802091,0.5538940959610312
logit_l2,0.7348870131582914,0.7573989907075294,0.7442041891886038,0.7174755845886329,0.664194061297338,0.5539381366825354
DT,0.7316133704853596,0.7288328592755098,0.7217312804195744,0.7125674958674917,0.7260101231408649,0.7198413786309477
RF,0.4004730168882615,0.3608354673495519,0.3608013658432482,0.3469079551068471,0.3695940567789864,0.3260439601447923
AdaBoost,0.7080871560255368,0.7532689700107897,0.7588947936206647,0.7534812988431401,0.7182485494280624,0.6967007088887427
GBM,0.7296102869070225,0.7610589025382113,0.7849658783864053,0.7486525240695017,0.6735703494457123,0.7313869477717754
NN,0.5465474225726379,0.4920517910518802,0.5339010533489871,0.5480935904643099,0.5051545214202597,0.44255207089267146
NN_l2,0.5431196479232325,0.4810902305709677,0.5231190758452207,0.5686522686739721,0.5053167228867667,0.44255207089267146
