,Serie_6_Gap_6,Serie_6_Gap_12,Serie_12_Gap_6,Serie_12_Gap_12,Serie_24_Gap_6,Serie_24_Gap_12
logit_l1,0.7002907126761048,0.7275836231243635,0.7113297085438721,0.7328943417270817,1.0,1.0
logit_l2,0.7002907126761048,0.7275836231243635,0.7131164863878269,0.7313285573334477,0.6886308192722098,0.6240852008998491
DT,0.8349474480931657,0.7687179388653002,0.7687179388653002,0.7485736347647034,0.8312156942467981,0.713956203548139
RF,0.015498942081089912,0.008338296605122097,0.011950277623009087,0.008729784222041095,0.015882293149014026,0.0
AdaBoost,0.7943508850394785,0.7919268381717228,0.8029164825452939,0.7804255501694479,0.6925442163041269,0.7027935188085542
GBM,0.8273785973543426,0.8095832772963938,0.7998232434821034,0.7367980781605251,0.7405976824557837,0.6874163510550446
NN,0.350282971806031,0.3742627139810563,0.17627620127187846,0.17976491784994209,0.1817442569627973,0.15852720904405276
NN_l2,0.3472898353774964,0.35800879940056485,0.15961882072662298,0.1598601518596371,0.14316934336247206,0.12888344676367572
