,Serie_6_Gap_6,Serie_6_Gap_12,Serie_12_Gap_6,Serie_12_Gap_12,Serie_24_Gap_6,Serie_24_Gap_12
logit_l1,0.684601772323062,0.6949087793326723,0.6974042821076099,0.7111425802644287,0.5,0.5
logit_l2,0.6846468157449206,0.6949490159238283,0.6983177893251652,0.7104626676090096,0.6877493847430671,0.6678530100555575
DT,0.7358226123749314,0.7232818358874041,0.723633906060019,0.6974938291449038,0.6802665402389183,0.6840320415024004
RF,0.5072810194532148,0.5033543573316521,0.5051301703972286,0.5031749062993129,0.506640582591621,0.4998423583195397
AdaBoost,0.7587930418855279,0.7374513682268102,0.7356633674143602,0.7200791305243321,0.6832275729517523,0.7016897101937992
GBM,0.7633793999347837,0.7478286965486516,0.7504628630398889,0.7183921737775028,0.7087736564748774,0.6836887330535989
NN,0.5980811997871999,0.6106818337941333,0.5567937961254174,0.5600527184334154,0.5593182583919393,0.5588227332890057
NN_l2,0.5983142989723056,0.6024844624693646,0.5499538597255615,0.5466104732020051,0.5382197358585991,0.5435016534940262
