,Serie_1_Gap_6,Serie_1_Gap_12,Serie_1_Gap_18,Serie_1_Gap_24,Serie_6_Gap_6,Serie_6_Gap_12,Serie_6_Gap_18,Serie_6_Gap_24,Serie_12_Gap_6,Serie_12_Gap_12,Serie_12_Gap_18,Serie_12_Gap_24
AdaBoost,0.03821656050955414,0.05263157894736842,0.028985507246376805,0.03043478260869565,0.0967741935483871,0.09523809523809523,0.03448275862068965,0.0,0.0,0.0,0.011235955056179777,0.037037037037037035
DT,0.019386106623586433,0.017295597484276733,0.02134471718249733,0.009342156481121059,0.020048602673147026,0.019218449711723252,0.0208078335373317,0.017914267434420986,0.015568862275449104,0.018360655737704918,0.018129079042784626,0.014586709886547812
GBM,0.011869436201780416,0.008503401360544218,0.006880733944954129,0.013133208255159477,0.01232394366197183,0.008888888888888889,0.024539877300613498,0.001540041067761807,0.008152173913043478,0.005235602094240838,0.00251994960100798,0.009922822491730982
logit_l1,0.012730744748567792,0.009823750361167291,0.024390243902439025,0.009991898460707534,0.01832460732984293,0.018798716185236132,0.013965453877251009,0.01338787653402752,0.01643835616438356,0.019808306709265176,0.015633724176437745,0.015429122468659597
logit_l2,0.010085507564130671,0.01189860320744956,0.012068481616615213,0.010788133053640995,0.014607185155941572,0.010744435917114352,0.016496846191169336,0.015895278167367927,0.022132796780684104,0.018038331454340476,0.01857783472133248,0.0135013501350135
NN,0.025139664804469275,0.012409513960703205,0.02346570397111913,0.010476190476190476,0.026881720430107527,0.04030226700251889,0.05263157894736842,0.016975308641975308,0.05089820359281437,0.05438066465256797,0.02363636363636364,0.013812154696132596
NN_l2,0.029761904761904764,0.01825993555316864,0.031100478468899517,0.009972801450589302,0.023172905525846704,0.0407673860911271,0.04926108374384237,0.02280701754385965,0.047091412742382266,0.04804804804804805,0.021546261089987327,0.008686210640608035
RF,,,,,0.0,,,0.0,,0.0,,0.0
