,Serie_6_Gap_6,Serie_6_Gap_12,Serie_12_Gap_6,Serie_12_Gap_12,Serie_24_Gap_6,Serie_24_Gap_12
logit_l1,0.7517475401841021,0.7673777068630588,0.7659094237976436,0.7883736933677045,0.5,0.5
logit_l2,0.7517510656785621,0.7673536633952087,0.7659164338345049,0.7881890768720495,0.7647082543950624,0.7519538099865688
DT,0.8038371215782208,0.7904731961341669,0.7919623964445532,0.7687853040755614,0.7552609042796294,0.7553551704162701
RF,0.6672900950646434,0.6385741750225016,0.6586078737647776,0.6283631337225523,0.5858320032113589,0.6816576271917039
AdaBoost,0.8391903690535516,0.8177679651546004,0.8075042590708879,0.7888177184298126,0.7700313173740343,0.7853708752466655
GBM,0.8451625972704919,0.8255781096345135,0.8280662707332189,0.7993361769683797,0.7877939523355962,0.7798459249679843
NN,0.6987987128827908,0.6965338197863945,0.7107859312954217,0.7049564865285556,0.7022530509866607,0.7196525170116783
NN_l2,0.7078355076102663,0.7009231557586969,0.6896975905581056,0.6762964872898422,0.7028660179287974,0.6966879932737274
