,Serie_6_Gap_6,Serie_6_Gap_12,Serie_12_Gap_6,Serie_12_Gap_12,Serie_24_Gap_6,Serie_24_Gap_12
logit_l1,0.4439772481578856,0.4490602508083181,0.4582181047358522,0.4503906991772307,0.5019100505448318,0.5002643402841819
logit_l2,0.4470198932274945,0.4406832724774121,0.43918808250956143,0.4461688580364375,0.5046133792332901,0.5061225431565325
DT,0.4929826928702562,0.504745101669135,0.4961093722726297,0.4866764686561544,0.5109039466578894,0.5224278557141641
RF,0.9901340681943044,0.9894926989183026,0.9626392800500392,0.964624948839644,0.9711883449050824,1.0
AdaBoost,0.5354703635808441,0.5490767484902024,0.5718316993335274,0.5206443581162717,0.5478176327992886,0.6024335122807981
GBM,0.6252860681091096,0.6297093655268697,0.6027168691181429,0.6988145728027738,0.7801998342190806,0.6489638589377686
NN,0.7476103659343571,1.0,1.0,0.9941784317265184,1.0,1.0
NN_l2,0.7887067594622027,0.8342499219916523,1.0,0.9230102990787888,1.0,1.0
