,Serie_1_Gap_6,Serie_1_Gap_12,Serie_1_Gap_18,Serie_1_Gap_24,Serie_6_Gap_6,Serie_6_Gap_12,Serie_6_Gap_18,Serie_6_Gap_24,Serie_12_Gap_6,Serie_12_Gap_12,Serie_12_Gap_18,Serie_12_Gap_24
RF,0.9953542392566784,0.9952081461515424,0.995052566481138,0.9963084209793132,0.9952331297482496,0.9950791942180532,0.9949149849038614,0.9955810527947904,0.9950791942180532,0.9947560781821072,0.9958136289634856,0.9958937620129302
NN,0.9706736353077816,0.9246031746031746,0.9542362399505256,0.9247057184648604,0.9629077908535676,0.967015223742888,0.966709041792468,0.947282735095744,0.9720129171151776,0.9714762434450978,0.9551903248313824,0.9653153940241131
NN_l2,0.9724157955865272,0.9280473195567536,0.9647495361781075,0.9210141394441737,0.9569492030388798,0.9656312471167152,0.9661528682663276,0.9536398170400806,0.9699369521759188,0.9709995232798349,0.9372819598418484,0.9170015726017824
logit_l2,0.6709494773519163,0.712638514525307,0.7262677798392084,0.7688932228181375,0.8120810367942798,0.7990158388436106,0.8290163673923407,0.8352585471741996,0.8855143779793941,0.8590497378039091,0.8792929684471664,0.9016250218416916
DT,0.8657810685249709,0.8572926025756215,0.8563698206555349,0.8207146339764575,0.8756889617160732,0.8796709211133323,0.8704115684093437,0.8789828668889061,0.8706750730432108,0.8781979977753059,0.8927823862314909,0.8914031102568583
GBM,0.9475900116144018,0.9519317160826596,0.8953308596165739,0.960158807550324,0.9448830627141368,0.944102721820698,0.9470046082949308,0.6947050158927048,0.93941257880978,0.9348482440807246,0.8121559810838049,0.9183994408526996
AdaBoost,0.98482868757259,0.9926624737945492,0.9850030921459492,0.9812634951591558,0.9933710710561596,0.9937721051822236,0.9816462736373748,0.9927126133808822,0.9940796555435952,0.9941204512950896,0.9890689200713234,0.9938843264022366
logit_l1,0.7730836236933798,0.7411650194669063,0.8593846629560915,0.7435397367137981,0.8581856100104275,0.8336921420882669,0.7847608453837598,0.7929296844716645,0.8593725972628018,0.8754965835054823,0.8613070780680673,0.9082648960335488
