,Serie_6_Gap_6,Serie_6_Gap_12,Serie_12_Gap_6,Serie_12_Gap_12,Serie_24_Gap_6,Serie_24_Gap_12
logit_l1,0.5121164068116127,0.5100343655426629,0.5134929108927327,0.5088791915700157,0.5083390260475651,0.5102698778318461
logit_l2,0.5110340946848081,0.5099254836873991,0.5114538871881433,0.5178898347200179,0.507206911058803,0.5137004133905949
DT,0.5192396957100635,0.5203787383556655,0.5176955772113596,0.5200545637644266,0.5138813360100907,0.5131115904831706
RF,0.6048622390663538,0.5386227987964287,0.4931240141955836,0.5311722207207026,0.4963289280469898,0.4958345910051313
AdaBoost,0.495225300487481,0.4972772154794512,0.4966380514252855,0.5641886574681286,0.5186252558083544,0.5210016600111184
GBM,0.4983599872301345,0.4957400257964062,0.4984030771429252,0.4978897457292645,0.5030922290126839,0.5038818215964452
NN,0.5106521257543365,0.512284449660399,0.5117128177273281,0.5150757728745401,0.5084402054648834,0.5105135919952419
NN_l2,0.5153649684683582,0.5069351608557804,0.5100631327409987,0.5100559263815516,0.5084528486247932,0.5090320586084413
