,Serie_6_Gap_6,Serie_6_Gap_12,Serie_12_Gap_6,Serie_12_Gap_12,Serie_24_Gap_6,Serie_24_Gap_12
logit_l1,0.6889957011813289,0.6928410691743354,0.7017836495630911,0.7157010598634326,0.4889176026239936,0.4798846647899642
logit_l2,0.689054010595623,0.692891775683835,0.7023349984862246,0.7154007553503987,0.6778139069534768,0.6663018363127812
DT,0.7065005385578295,0.7141760673996859,0.7146225151369019,0.6931341979305277,0.6281686895068367,0.6556999764625886
RF,0.9454354669464848,0.8427184466019417,0.8810198300283286,0.7964774951076321,0.8538251366120219,0.0
AdaBoost,0.7503859341230764,0.7234322621408639,0.7171588900519966,0.7098958130097163,0.6701502446701256,0.6841113205455149
GBM,0.7424478644088727,0.7297634304319213,0.7369837307699116,0.7237732032616253,0.6868239342021539,0.6646292778282537
NN,0.7041878479786976,0.7193500738552437,0.7464811650801401,0.7627411721878413,0.7336889618383258,0.7815527165520146
NN_l2,0.7071205912227242,0.7101101329979803,0.736786094359702,0.7190545103714423,0.6723952738990333,0.7395424836601308
