,Serie_6_Gap_6,Serie_6_Gap_12,Serie_12_Gap_6,Serie_12_Gap_12,Serie_24_Gap_6,Serie_24_Gap_12
AdaBoost,0.8264348295289162,0.8044193677316211,0.8075962169332634,0.8357556380178027,0.8493728815727204,0.833381416067397
DT,0.8173933023007891,0.7813143750232788,0.7644676373596464,0.7745067371808472,0.7694139390916185,0.7268880854513998
GBM,0.8131007889757524,0.778267708413914,0.8018957593781606,0.8152516842713844,0.8229111187854137,0.8220208776113557
logit_l1,0.7202237532221885,0.6657316619822422,0.7085865357892898,0.6356260926104791,0.7084581047030684,0.6818552965557764
logit_l2,0.7026609637245339,0.6610082006079725,0.6859472099739563,0.7493052374582947,0.7056697747592187,0.7142879829337173
NN,0.7417167695900712,0.7665614819971979,0.7427013586263606,0.7714896025323497,0.7949270301727998,0.7648577853886718
NN_l2,0.7663501203092254,0.7524917342111974,0.7529625045483326,0.7300611871399305,0.786636992696622,0.7516173884811415
RF,0.7826498184638726,0.7641574016772245,0.7316114850055441,0.7123712623452714,0.7065716332194978,0.8180672858311209
