,Serie_1_Gap_6,Serie_1_Gap_12,Serie_1_Gap_18,Serie_1_Gap_24,Serie_6_Gap_6,Serie_6_Gap_12,Serie_6_Gap_18,Serie_6_Gap_24,Serie_12_Gap_6,Serie_12_Gap_12,Serie_12_Gap_18,Serie_12_Gap_24
RF,0.4976771196283392,0.4976040730757712,0.497526283240569,0.4981542104896566,0.4976165648741248,0.4975395971090266,0.4974574924519307,0.4979063275434243,0.4975395971090266,0.4974570883661793,0.4979068144817428,0.4980339042292905
NN,0.5105203466368449,0.5041061210936779,0.509673410861347,0.5036599784574535,0.5153155301223971,0.5182477311695916,0.5235118457380367,0.5067326955421124,0.5235946194731749,0.5253135473405639,0.5101581283725587,0.5051016746053741
NN_l2,0.5128720238095238,0.5072386196880532,0.5135131726103884,0.5034019733826056,0.5082053367761658,0.5185169840138693,0.5219036189069424,0.5097407624015835,0.5216872642992261,0.5220653200331646,0.5092454674566369,0.5025853856053396
logit_l2,0.5040660853067533,0.5050009349019334,0.5049140018239909,0.5046227416629366,0.5060642645691578,0.5036414487277879,0.5078031539602618,0.5070182710539443,0.5097203280473113,0.5075393285092642,0.5081864301495179,0.5052992962576374
DT,0.5085184581276335,0.5072938504542278,0.5095875637982636,0.5034410137682158,0.508555738915485,0.5081238600677446,0.5090278155933422,0.5078103447263848,0.506108354920364,0.5075529885686083,0.5078058589658367,0.5059713807952128
GBM,0.503797639792235,0.5019412370211243,0.5010753858923257,0.5049028309794316,0.5013287732675488,0.5020926481586606,0.5032914580927796,0.4981042424599056,0.5017125987739627,0.5000801593621264,0.49897817217643103,0.5032534693158911
AdaBoost,0.5169789021800286,0.5239881126453316,0.5121486373550215,0.5135893032460198,0.5461101277559032,0.5452316775766911,0.5170395558732555,0.4979003032895248,0.4975371353805895,0.4974554707379135,0.5035492811970984,0.5165919049796798
logit_l1,0.5052369164781019,0.5033959580507201,0.5113385715950749,0.5042450575464792,0.5079031859157029,0.5083370024344195,0.5056649367713675,0.505812449530481,0.5066987416274918,0.5084070115344711,0.5066465343964652,0.5063215359677335
