,Serie_6_Gap_6,Serie_6_Gap_12,Serie_12_Gap_6,Serie_12_Gap_12,Serie_24_Gap_6,Serie_24_Gap_12
AdaBoost,0.4921100744931382,0.4949213459735389,0.49440779401833207,0.506117684343968,0.5126496468584595,0.5254989273500783
DT,0.468754552452388,0.4771152770964541,0.4672058876925785,0.4720499621835652,0.4826117637941548,0.483791931880809
GBM,0.4911143934803213,0.4818352148193538,0.49002273030621096,0.493985743985744,0.4949371241985205,0.5013659781242288
logit_l1,0.4331911277335447,0.4370778196568808,0.4520024405386379,0.4379955092876097,0.4673525310039808,0.4796405364703398
logit_l2,0.4350580257307239,0.43116093848778536,0.4363570596616338,0.4608699292611737,0.4611412752417205,0.4899153580055336
NN,0.511228402167341,0.508276073035127,0.503308989981342,0.5123928554186703,0.500275574636758,0.5017570781964694
NN_l2,0.5184979504420432,0.4982517482517482,0.5018099131398639,0.503657172448553,0.4987985546522132,0.4979398396287844
RF,0.5037214202490656,0.5029586486802289,0.4964519650655022,0.4995959714336974,0.4980389607575462,0.4979085838991271
