,Serie_1_Gap_6,Serie_1_Gap_12,Serie_1_Gap_18,Serie_1_Gap_24,Serie_6_Gap_6,Serie_6_Gap_12,Serie_6_Gap_18,Serie_6_Gap_24,Serie_12_Gap_6,Serie_12_Gap_12,Serie_12_Gap_18,Serie_12_Gap_24
RF,0.5,0.5,0.5,0.5,0.5,0.5,0.5,0.499883223043986,0.5,0.4999201405526274,0.5,0.4999122883957547
NN,0.5575864206534422,0.5578261360216672,0.5805478946550653,0.5674550726014098,0.6081612034126628,0.6102804821511358,0.6412763536176329,0.5770562115248764,0.6205655520785041,0.6281269964861843,0.599467295243862,0.5398990341977801
NN_l2,0.5662376021003501,0.5984309170929882,0.5858306789931634,0.5656024439660631,0.5662922373147732,0.6173589379539484,0.6332242752755151,0.5986887822037685,0.6195224366403956,0.6123422775914391,0.6273568040598013,0.5488485415509361
logit_l2,0.6947381855309218,0.7156795440866687,0.6992066112492231,0.7242353372588747,0.6956633082622362,0.6191517926131973,0.7197569777192142,0.7328763173449822,0.7014842663421419,0.6804424213384443,0.7088844196473625,0.6186007075402742
DT,0.7148483080513419,0.6872813534456816,0.7412600994406464,0.6374539645857076,0.6965192804220925,0.6752264912687375,0.7016975123782143,0.6995083834320892,0.6396108599907279,0.6589752036415908,0.6787761486671569,0.6466713446188931
GBM,0.5382147024504085,0.5171320154980439,0.5198541407706649,0.5476512705246719,0.513579787831163,0.5210289174779787,0.5303303685513496,0.404134769257385,0.5186722492659558,0.5009034099984029,0.4631071320444618,0.5606174896938865
AdaBoost,0.5413688739789966,0.514270801986157,0.5260449036668738,0.5582427134776919,0.5223897526567879,0.5148909558028125,0.5477397280785816,0.4984429739198132,0.4994977592335033,0.4996007027631369,0.5058338018828482,0.509970860255923
logit_l1,0.6993873978996499,0.6367128724044537,0.7816432955251709,0.7209106306192224,0.7032758475527616,0.7376359430536239,0.6897435513496246,0.730063578564941,0.6650271403183434,0.6809353038651973,0.6906333347750242,0.6330010038105819
