,Serie_1_Gap_6,Serie_1_Gap_12,Serie_1_Gap_18,Serie_1_Gap_24,Serie_6_Gap_6,Serie_6_Gap_12,Serie_6_Gap_18,Serie_6_Gap_24,Serie_12_Gap_6,Serie_12_Gap_12,Serie_12_Gap_18,Serie_12_Gap_24
AdaBoost,0.5233258241391647,0.5177664301346243,0.5160232501629595,0.5200042306878235,0.5299158311745279,0.5219673336222289,0.5089384212554993,0.4981714908185496,0.4985155195681512,0.4985257789465296,0.5042450046542816,0.5123551465576005
DT,0.4826706362437582,0.4782136655292117,0.4818247600923178,0.459827854334127,0.486603949217567,0.4863747709214557,0.4853042932596252,0.4850386094337957,0.4803538177966049,0.4851189191945741,0.4890650434504666,0.4853176535261496
GBM,0.49737699211854497,0.4953509833371784,0.4789271137026239,0.5017775881683731,0.499291052341917,0.493736141524003,0.5129670211423096,0.4113963216515488,0.4918725210217357,0.4879889855707484,0.4506085676987455,0.48816845790276
logit_l1,0.4482771485465902,0.4350993082147095,0.4856182047900064,0.43608698182702005,0.4794637547544072,0.4727585356087397,0.4531406603874283,0.4551976194130079,0.4779715402009206,0.4857505487327538,0.4778321864962064,0.4907159038613602
logit_l2,0.4110887033934969,0.4274716680706142,0.4322646086768507,0.4451084912979119,0.4622373134502515,0.4544934032527886,0.4713738013624333,0.4704922258948554,0.4907806824682258,0.4793970288863813,0.4857646206191719,0.4870740486976146
NN,0.5138813820764687,0.492033250908681,0.5093146832069667,0.4903972699595169,0.5128309672167923,0.5263121835950404,0.5368372084322858,0.5021215398964841,0.5356080786535944,0.5383249982246704,0.5100521936527513,0.5034569046577052
NN_l2,0.518002357100766,0.4984012882392286,0.5179910410051332,0.4889407832138119,0.5093804705074922,0.5265889716557532,0.5338494428050445,0.5089559995762823,0.5323594012584516,0.5329359703324886,0.5039568970291245,0.4866177953360532
RF,0.4988358556461001,0.4987991594115882,0.4987600743955363,0.4990753986253097,0.4987680131411931,0.4987667642978264,0.4987255058148797,0.49889281690688,0.4987667642978264,0.4986855731697602,0.4989512119328776,0.4989713285182753
