,Serie_1_Gap_6,Serie_1_Gap_12,Serie_1_Gap_18,Serie_1_Gap_24,Serie_6_Gap_6,Serie_6_Gap_12,Serie_6_Gap_18,Serie_6_Gap_24,Serie_12_Gap_6,Serie_12_Gap_12,Serie_12_Gap_18,Serie_12_Gap_24
RF,0.9636292430511492,0.9577837386208998,0.9577764759031356,0.9710347126242816,0.9650647711519617,0.9592495929345692,0.962162763395995,0.9937192827522654,0.9502976318589078,0.965052295966395,0.9580020590352276,0.9662634208678084
NN,1.0,0.9897414906745368,0.99620054730642,0.975178303046044,1.0,1.0,1.0,1.0,1.0,1.0,1.0,1.0
NN_l2,1.0,0.9910465227034604,1.0,0.9792581767350246,1.0,1.0,1.0,1.0,1.0,1.0,1.0,1.0
logit_l2,0.4140761462433464,0.4180762872685431,0.4355390971111058,0.4442954005405249,0.45024386146286377,0.4615473756282005,0.4733774059631732,0.4768544667484589,0.4903577348019037,0.4875448562581839,0.4941582014457218,0.5027026888169357
DT,0.5014900280660004,0.5162773222706776,0.5036797171682798,0.5321600204942465,0.5205420613334876,0.521079274932579,0.5178948339897039,0.5351261767238028,0.5103798090657767,0.5155016281567775,0.537628706149075,0.5152485156165486
GBM,0.7771697140132533,0.7021754763840893,0.9182107953140312,0.7927986293267362,0.830421181936807,0.7021466464676402,0.7129447062684247,0.7966929120948283,0.6924868752804716,0.7177086346543247,0.696101473890236,0.9117446933639696
AdaBoost,0.7182711520260159,0.5728252278993442,0.6901463472512983,0.6721417093203189,0.5860603037883422,0.5724413064378125,0.7318119010829063,0.5328342811447295,0.5229038556041067,0.5228554550085104,0.6027139744129935,0.6691583742866142
logit_l1,0.4290407620524719,0.4333386167732592,0.4641327537707887,0.4566103197072128,0.4661232495386998,0.4702471839869515,0.4535602363499748,0.4770529887594701,0.4910223923395422,0.4905296012193641,0.4999945887330207,0.5170039868939611
