,Serie_6_Gap_6,Serie_6_Gap_12,Serie_12_Gap_6,Serie_12_Gap_12,Serie_24_Gap_6,Serie_24_Gap_12
logit_l1,0.6849650195802349,0.6956611468723896,0.6977249275219891,0.7118467670504871,0.4889176026239936,0.4798846647899642
logit_l2,0.6850090201082413,0.6957004569800009,0.6986585425777603,0.7111381753764393,0.6877298479276414,0.6696138183607095
DT,0.738117657411889,0.7243280428480173,0.7246720062896173,0.6991474756421612,0.6769207832223437,0.6828281724015415
RF,0.4958947507370088,0.4919561692300133,0.4937742617070414,0.4871678476527901,0.5175181393499653,0.5199513514990844
AdaBoost,0.7596163153957848,0.7387057147068941,0.7372119306176601,0.7220327723649247,0.6830210714640692,0.7016453032332122
GBM,0.76486117833414,0.7492506510736573,0.7515994300034397,0.7189880425155004,0.708068283470828,0.6835387684823307
NN,0.5923439081268975,0.6052380718392216,0.5480320377377033,0.5477413640389726,0.5676871086373124,0.5749268905955341
NN_l2,0.5925023100277204,0.5968551913910864,0.5409660458945507,0.5340899025686449,0.5469759467249776,0.560182021919156
