,Serie_6_Gap_6,Serie_6_Gap_12,Serie_12_Gap_6,Serie_12_Gap_12,Serie_24_Gap_6,Serie_24_Gap_12
logit_l1,0.9952127659574468,0.992353982300885,0.9937295528898582,0.9906695528849744,0.99584,0.9950220041844022
logit_l2,0.9942984468182712,0.992607624293376,0.9934078532530812,0.9951666426201126,0.9956057071556448,0.9957449826253456
DT,0.9971614929339292,0.9958722992583038,0.9951881879902446,0.9954513645906228,0.9974444560342131,0.9960193963957444
RF,0.9875022559104856,0.9863365066837666,0.9862480283911672,0.9854213645183282,0.9926578560939796,0.9916691820102626
AdaBoost,0.9871557080589818,0.9860941940722696,0.9860688956433638,0.9855201720791144,0.9928060671722644,0.9922295643661282
GBM,0.9872453835903292,0.9856092101055324,0.9860623526329578,0.9852114597544338,0.993026563288526,0.9919658548832538
NN,0.9884404017434149,0.9881824501363564,0.988500109003706,0.987843853441388,0.9939314723181776,0.9934653465346536
NN_l2,0.9889083755984264,0.9874152952565344,0.9880784653733607,0.9870694587481406,0.9940333568240544,0.9932983876318758
