,Serie_6_Gap_6,Serie_6_Gap_12,Serie_12_Gap_6,Serie_12_Gap_12,Serie_24_Gap_6,Serie_24_Gap_12
logit_l1,0.668912831970019,0.6622339355409809,0.6834788556713475,0.6893908188017758,0.0,0.0
logit_l2,0.6690029188137364,0.662314408723293,0.6835190922625035,0.6895967778845714,0.6868679502139245,0.7116208192112661
DT,0.636697776656697,0.6778457329095079,0.6785498732547378,0.6464140235251041,0.5293173862310385,0.6541078794566617
RF,0.9990630968253396,0.9983704180581822,0.998310063171448,0.9976200283765848,0.997398872034228,0.9996847166390792
AdaBoost,0.7232351987315773,0.6829758982818975,0.6684102522834265,0.6597327108792165,0.6739109295993777,0.7005859015790442
GBM,0.6993802025152247,0.6860741158009094,0.7011024825976743,0.6999862693944803,0.6769496304939712,0.6799611150521532
NN,0.8458794277683687,0.8471009536072104,0.9373113909789562,0.9403405190168886,0.9368922598210812,0.9591182575339586
NN_l2,0.8493387625671147,0.8469601255381644,0.9402888987244999,0.9333607945443728,0.9332701283547258,0.9581198602243768
