,Serie_6_Gap_6,Serie_6_Gap_12,Serie_12_Gap_6,Serie_12_Gap_12,Serie_24_Gap_6,Serie_24_Gap_12
logit_l1,0.7127965534820263,0.6565964969959517,0.6993340811221991,0.62890806908148,0.6765895399255593,0.6697966762038108
logit_l2,0.690573643684969,0.6593306000361001,0.6814483896753565,0.7467580766205042,0.6608079761585001,0.7099843576720193
DT,0.7928373856047368,0.7710210863567211,0.7463239086150435,0.7617766515943368,0.7717336249568321,0.7196081830637613
RF,0.5034243682415077,0.5030846290709368,0.4998251398880895,0.5014730166790665,0.4997608175690367,0.5
AdaBoost,0.4897676586407038,0.4943222841081973,0.4934044699724092,0.5048976970616106,0.5098947341493675,0.5334631567153052
GBM,0.4934503585702765,0.4780594878935561,0.4933964119027359,0.4944198830469553,0.523586969034189,0.5172692006708645
NN,0.5392015881014193,0.5655733477733942,0.5749263492431861,0.5785518668663603,0.5806172697389458,0.5994220808266348
NN_l2,0.5570998977477996,0.5392782548155024,0.5612203785358809,0.5537386602496323,0.5865271222644308,0.5897102507977764
