,Serie_6_Gap_6,Serie_6_Gap_12,Serie_12_Gap_6,Serie_12_Gap_12,Serie_24_Gap_6,Serie_24_Gap_12
logit_l1,0.6847973977867634,0.6958875806208011,0.697569240186256,0.7116130363904509,0.2444588013119968,0.2399423323949821
logit_l2,0.6848411894089674,0.6959257179905374,0.6985104153900852,0.7108883757999063,0.687665223448102,0.6693098815679976
DT,0.7464801893821795,0.7254705313491399,0.7257944110011303,0.6999284540154277,0.6972135677263913,0.6841076797684569
RF,0.7187641295258507,0.6664451577142463,0.6860442597380112,0.6409427081813701,0.6841283263681003,0.26001831451767216
AdaBoost,0.7604528718526931,0.7407862101271115,0.7406225893155893,0.7239260460635537,0.6831577922830803,0.7014028652751833
GBM,0.7685157523960355,0.7522899809556285,0.7534105717559022,0.7187311383675541,0.7092903010913543,0.683401271032856
NN,0.6291778966988084,0.6416033931378662,0.6336246476388807,0.6403518294761623,0.6392504746992025,0.6670991196112582
NN_l2,0.6305806519650832,0.6338047023281079,0.6266739742458001,0.6145832241682738,0.6023988046262283,0.6416776512070226
