,Serie_1_Gap_6,Serie_1_Gap_12,Serie_1_Gap_18,Serie_1_Gap_24,Serie_6_Gap_6,Serie_6_Gap_12,Serie_6_Gap_18,Serie_6_Gap_24,Serie_12_Gap_6,Serie_12_Gap_12,Serie_12_Gap_18,Serie_12_Gap_24
AdaBoost,0.8617258149795799,0.8512133708245562,0.8564058615599751,0.8489062302140052,0.8701366281245322,0.8634327673466234,0.8773620927168184,0.8378133875409081,0.8716593745170762,0.8639070236383963,0.8357395153035481,0.8406845403424651
DT,0.7248412658620188,0.6880107630529643,0.7333832640615289,0.6404014182600987,0.7143333239784463,0.6804921718049761,0.7039136120428047,0.6970856220175021,0.6438406689460671,0.6658000668822872,0.6798040742182432,0.6480240524710307
GBM,0.8552459752406651,0.8573207803566054,0.7671714768489746,0.8613542590013086,0.8455648480766353,0.8331516332483387,0.8549858499041687,0.6042342459236192,0.8024950258847163,0.8188176309694937,0.6977898879806237,0.8234482355348947
logit_l1,0.7355589538360559,0.6522050387451099,0.7946475392324426,0.7301434352707781,0.7271290553435115,0.7349726182197497,0.7049711258185594,0.7360415495292879,0.6697380621233194,0.679409239738061,0.6891383013998817,0.6520675574267365
logit_l2,0.6995047677217037,0.722586894372555,0.7171045923321938,0.7359090741209742,0.7188932467070798,0.6392076186060888,0.6818087665708352,0.7465954471404062,0.7073264371812703,0.6793643187989139,0.7077007914882575,0.6473701137327135
NN,0.7464356038506417,0.7647092706139031,0.7820293077998756,0.6489225866362753,0.8054838347552762,0.8209246059341678,0.8276034179843476,0.8078874904487984,0.8201664155462833,0.8420317740776234,0.8117022043452561,0.8146673293765654
NN_l2,0.7529798260647607,0.7658354179205537,0.7717441442666252,0.6426345975264869,0.8071583595270169,0.8181393428372741,0.8276920120587765,0.8054885169326587,0.8157706015299027,0.8418271342437311,0.8088361230050602,0.7423383913691781
RF,0.7735007429623687,0.6657135165889256,0.7535693996659416,0.6991302076738003,0.6915372184179015,0.7352370190078813,0.6914698879971249,0.7575191384455688,0.7422551093339516,0.6454989218974605,0.6930366333636089,0.6305938075607403
