,Serie_6_Gap_6,Serie_6_Gap_12,Serie_12_Gap_6,Serie_12_Gap_12,Serie_24_Gap_6,Serie_24_Gap_12
logit_l1,0.6846513280622959,0.6949383558572609,0.6974529294345866,0.7112679391633518,0.32837116154873164,0.3242716653585115
logit_l2,0.6846962477942147,0.6949789289086712,0.6983709524280217,0.7105812618962499,0.6876654201033383,0.6679571095629311
DT,0.7345356219387595,0.7232611572652918,0.7236182700093545,0.6975061918591321,0.6708442457147012,0.6828263377170879
RF,0.3449473846782372,0.337016555367091,0.34094693018004685,0.3351648339345367,0.3549778235450451,0.3420842061729616
AdaBoost,0.7589359368801115,0.7373647113930875,0.7353358950813165,0.7200736579065297,0.6830103085827219,0.701425612114051
GBM,0.7632821265837588,0.747676938975619,0.7504913744483757,0.7184994127895006,0.7079924585879938,0.6833597476598958
NN,0.5687397493280232,0.5847046605779194,0.4773722275824642,0.4794699249267571,0.4901504553448358,0.482413048434031
NN_l2,0.5682141899476363,0.5742128050569177,0.4645984998589296,0.4606265954466081,0.4570448409367219,0.4566673972583963
