,Serie_6_Gap_6,Serie_6_Gap_12,Serie_12_Gap_6,Serie_12_Gap_12,Serie_24_Gap_6,Serie_24_Gap_12
logit_l1,0.3693991183104064,0.3907951341827622,0.3949734878470392,0.4227553548854006,0.0,0.0
logit_l2,0.3694879540275681,0.390873513640537,0.3968281579635293,0.4213508283536634,0.3754145987574345,0.3371597440581445
DT,0.4821850356814214,0.4487470297534879,0.4494231240098981,0.3974148257854889,0.37709949637839707,0.3681397135005096
RF,0.07982044556987425,0.04725744534342807,0.061787984394451774,0.042307441049879366,0.06993480846343436,-0.012301400924956902
AdaBoost,0.5192432608116546,0.478225950968079,0.4762601376309987,0.4439885112000915,0.3663853585897229,0.4030924734080382
GBM,0.5318703516425963,0.5000987787728242,0.5038648125303392,0.43712318072103135,0.4180636383306736,0.3670898915330957
NN,0.22512150580702944,0.25038309227238675,0.17423031877756887,0.18361382188873152,0.1817701365946288,0.19828491567157297
NN_l2,0.22660931364172804,0.23420420998751906,0.1590956182973508,0.14616125751367426,0.12511842813991425,0.15701225545358424
