,Serie_1_Gap_6,Serie_1_Gap_12,Serie_1_Gap_18,Serie_1_Gap_24,Serie_6_Gap_6,Serie_6_Gap_12,Serie_6_Gap_18,Serie_6_Gap_24,Serie_12_Gap_6,Serie_12_Gap_12,Serie_12_Gap_18,Serie_12_Gap_24
RF,1.0,1.0,1.0,1.0,1.0,1.0,1.0,0.999766446087972,1.0,0.9998402811052548,1.0,0.9998245767915096
NN,0.9745478413068844,0.9281522720433344,0.9579707893101304,0.9273629753914988,0.9663224068253256,0.9705609643022716,0.970052707235266,0.9504087193460492,0.9755061041570082,0.9750039929723686,0.9581938497469832,0.9686869572844488
NN_l2,0.9762252042007,0.9312368341859766,0.9685363579863268,0.9236577181208052,0.9607094746295464,0.9690928759078968,0.9695735505510302,0.9566368236667964,0.9734198732807912,0.974684555182878,0.939898793304788,0.9199193053240944
logit_l2,0.6707263710618436,0.7126090881733373,0.7265382224984462,0.7692253914988815,0.8132016165244724,0.8008035852263947,0.8301389554384284,0.8361230050603348,0.8873435326842837,0.8608848426768887,0.8807318022576878,0.9038680817472152
DT,0.8671966161026837,0.8589377068913632,0.8575201988812927,0.82207774049217,0.8774135608441851,0.8817029825374749,0.8721450247564286,0.8804982483456598,0.8729717199814557,0.8804504072831816,0.8945893343713507,0.8933426892377861
GBM,0.9514294049008168,0.956139030996088,0.8990832815413299,0.9632270693512304,0.949034575662326,0.9483078349559574,0.9512857371026991,0.697158427403659,0.9435944985319116,0.9393068199968057,0.8151031529778123,0.921234979387773
AdaBoost,0.9889877479579928,0.9972916039723142,0.9895898073337476,0.9844099552572708,0.9979045053135758,0.998531911605625,0.9861044561571634,0.9968859478396264,0.9989955184670066,0.9992014055262738,0.993149085247178,0.9977194982896236
logit_l1,0.7737747957992999,0.7421757448089076,0.8601615910503418,0.7437080536912751,0.8596766951055231,0.8346468861072477,0.7857371026992493,0.7934604904632152,0.8613042806366867,0.8774956077303945,0.8627481510315298,0.9104464520656084
