,Serie_1_Gap_6,Serie_1_Gap_12,Serie_1_Gap_18,Serie_1_Gap_24,Serie_6_Gap_6,Serie_6_Gap_12,Serie_6_Gap_18,Serie_6_Gap_24,Serie_12_Gap_6,Serie_12_Gap_12,Serie_12_Gap_18,Serie_12_Gap_24
AdaBoost,0.9964548543433598,0.9672267432366228,0.9967439044991272,0.9953810944253292,0.9746252638986628,0.9738256536588096,0.9739068931532264,0.9552774904969789,0.9219819019091876,0.9219372862194908,0.9852164163057168,0.9987191420021292
DT,0.961835721434968,0.9643408769255892,0.9456343262571092,0.9654226033848068,0.9595530639311428,0.9596633027266109,0.959192344483738,0.9731175333065584,0.9506508594143666,0.9538898631804742,0.9734010216198238,0.9660007724424724
GBM,0.9586032897855976,0.9251882042349356,0.9987330367700884,0.9616005501974276,0.9892257619228064,0.9115545742119702,0.9255895269290972,0.9528703997621354,0.8888616958736912,0.9083188880514812,0.8675161455601559,0.9918895964897264
logit_l1,0.7496056998366959,0.6835675793369985,0.7553365898980797,0.8101971469571592,0.7901412196178208,0.8237553188511282,0.8292227085628153,0.8535490840577928,0.8763852807793515,0.8572701316018321,0.8967503326958165,0.9288260692788282
logit_l2,0.6929917557814887,0.7635968374067824,0.7259528267357397,0.7755855690063179,0.8192123639906891,0.7614709422764683,0.840512131138037,0.8559771282766603,0.846403336879234,0.8469546060641198,0.8729929691105824,0.8878912247771227
NN,1.0,0.9999979587393174,0.9999895827467764,0.9997979638910812,1.0,1.0,1.0,1.0,1.0,1.0,1.0,1.0
NN_l2,1.0,0.9999952370584072,1.0,0.9998353497269459,1.0,1.0,1.0,1.0,1.0,1.0,1.0,1.0
RF,1.0,1.0,1.0,1.0,1.0,1.0,1.0,1.0,1.0,1.0,1.0,1.0
