,Serie_6_Gap_6,Serie_6_Gap_12,Serie_12_Gap_6,Serie_12_Gap_12,Serie_24_Gap_6,Serie_24_Gap_12
AdaBoost,0.5207873507272079,0.5129658942983598,0.5146847175214788,0.5040091962354327,0.5138697608814186,0.4999436016017145
DT,0.771875030119611,0.7646524342619109,0.7469159073158032,0.7282495441521228,0.7185937671992075,0.7253481783726038
GBM,0.5236306420055323,0.5276927883363707,0.5327716740432179,0.5263689593077907,0.507265585201834,0.5148432001922449
logit_l1,0.6784319489556928,0.7007211663629264,0.7228534235876074,0.7279420591866088,0.6764113909631044,0.663317296571386
logit_l2,0.7116999026534172,0.6661385055975007,0.732250455610518,0.7379350374304903,0.7118495979705255,0.6434521868274593
NN,0.5914648251134906,0.5769247591772976,0.5924228065607915,0.5736582216836359,0.6103629144769009,0.5808066442217389
NN_l2,0.5743043574643625,0.5783983337672479,0.5963519916688362,0.6011778429618221,0.5929107586722404,0.5809758394165954
RF,0.4999778319663046,0.5043478260869565,0.5020781046602447,0.5020957676931266,0.4994016275730014,0.5071617792141659
