,Serie_6_Gap_6,Serie_6_Gap_12,Serie_12_Gap_6,Serie_12_Gap_12,Serie_24_Gap_6,Serie_24_Gap_12
AdaBoost,0.8496028066658313,0.8355644884144753,0.8408631085654779,0.8202328504932217,0.8073147989340651,0.8604670931693366
DT,0.7879061810260909,0.7844088518614944,0.7657370476438428,0.7325172995685018,0.7330385415840037,0.7316643902965331
GBM,0.8598664135012963,0.847172090601406,0.8550452486331686,0.8266258196767728,0.8319327045409748,0.8249967918302424
logit_l1,0.7187068325735159,0.7418472272845612,0.7629477740171831,0.7577205341064815,0.7132079353783378,0.669948603894432
logit_l2,0.7398481971605639,0.6900265555844832,0.7535481385055975,0.7592120910110196,0.7261698980910959,0.6649060557984501
NN,0.7643780902720886,0.741465451705285,0.7871564696693569,0.7607898343092064,0.7865266368525738,0.788910603634509
NN_l2,0.7839515001975845,0.7292755011715699,0.780134340015621,0.779983691405144,0.7655167249893124,0.8005070134269057
RF,0.8589130916696386,0.7978796146836762,0.8208710231710492,0.7743797637518829,0.7912939371753749,0.7492181874208685
