,Serie_6_Gap_6,Serie_6_Gap_12,Serie_12_Gap_6,Serie_12_Gap_12,Serie_24_Gap_6,Serie_24_Gap_12
logit_l1,0.9946671354899204,0.9957227780194288,0.9951937518774406,0.9955673125044684,0.9938045831156228,0.995211230648124
logit_l2,0.9954220314735336,0.9941071310335696,0.9955474229948156,0.995555251641138,0.9952011517235864,0.994908896034298
DT,0.9968175981240578,0.996940502538732,0.9958163997131244,0.9952707333790268,0.9949854052840356,0.996360749024019
RF,0.9899051966292136,0.9891958489314316,0.9891469194312796,0.988208640131816,0.988921144617572,0.9923869234214062
AdaBoost,0.9903238633853224,0.9893829746714912,0.9894205108654212,0.9882534775888716,0.9892408846383742,0.9922762635025466
GBM,0.9903867650346524,0.9897080748328764,0.9898245954065316,0.9887875930001048,0.9890952666267224,0.9925130586186884
NN,0.9919014759440292,0.9909271039733027,0.9912632336314112,0.9900341526230334,0.9916098584163608,0.9935905044510386
NN_l2,0.9914592708237672,0.9909739714525608,0.9913788626330824,0.990728328865058,0.9911532997546172,0.99359278595159
