,Serie_1_Gap_6,Serie_1_Gap_12,Serie_1_Gap_18,Serie_1_Gap_24,Serie_6_Gap_6,Serie_6_Gap_12,Serie_6_Gap_18,Serie_6_Gap_24,Serie_12_Gap_6,Serie_12_Gap_12,Serie_12_Gap_18,Serie_12_Gap_24
AdaBoost,0.9916365098512264,0.9828290405934818,0.9883207889955878,0.9923709926281502,0.9875724937862468,0.9876203576341128,0.9917813114168303,0.9839697406340058,0.9916609353507564,0.9792746113989638,0.989012968299712,0.9933327560827776
DT,0.7945315641334941,0.8278736350754355,0.7989445453758975,0.7588719355391736,0.8299088649544325,0.8663170563961485,0.8712703233875291,0.8590597982708934,0.8400103163686382,0.8762730033946757,0.8540165706051873,0.873495540739458
GBM,0.902854845195014,0.9251479536550804,0.9238688467860542,0.9202811589233671,0.907705053852527,0.9327716643741404,0.9436305163480436,0.9348883285302594,0.9152338376891336,0.9078970877255672,0.9593840057636888,0.993072993332756
logit_l1,0.7212706071572176,0.6962573976827541,0.7339735271217234,0.7512429281673239,0.8255178127589063,0.7868810178817056,0.7939074504198678,0.8496938040345822,0.8608149931224209,0.8585849562265501,0.8726585014409222,0.9181747337431811
logit_l2,0.7290711700844391,0.7689422355588897,0.7248031836664072,0.7590433739070804,0.843827671913836,0.7616918844566712,0.8186528497409327,0.8040345821325648,0.8192056396148556,0.8239235304627479,0.8293407780979827,0.8986925274915577
NN,0.9288299155609168,0.9195632241393682,0.9443723505493556,0.9715412309274816,0.9141673570836786,0.9104195323246216,0.9339824906199751,0.9684798270893372,0.9302785419532325,0.9241557977487941,0.9630763688760808,0.9754957139146246
NN_l2,0.9281061519903498,0.9219804951237808,0.9429016350895406,0.972569861134922,0.916570008285004,0.9088720770288858,0.9323744863319636,0.9677593659942364,0.934748968363136,0.9375558334822226,0.9614553314121036,0.975409126331284
RF,1.0,0.9996665833124948,0.999307898607146,0.9999142808160466,1.0,0.9998280605226959,0.9999106664284438,1.0,1.0,1.0,1.0,0.9998268248333188
