,Serie_1_Gap_6,Serie_1_Gap_12,Serie_1_Gap_18,Serie_1_Gap_24,Serie_6_Gap_6,Serie_6_Gap_12,Serie_6_Gap_18,Serie_6_Gap_24,Serie_12_Gap_6,Serie_12_Gap_12,Serie_12_Gap_18,Serie_12_Gap_24
AdaBoost,0.9956398869600322,0.995609220636663,0.9953820684847956,0.9944167668785432,0.9955733734235362,0.9954076769777316,0.9950703594156136,0.9959890610756608,0.9955981356809944,0.9950980392156864,0.996009432251043,0.9966119364086526
DT,0.9983831851253032,0.997489203575374,0.9974079274219678,0.9988717138666364,0.9976097998207348,0.9974265069781252,0.9972392638036809,0.9972817564035548,0.9977534973960992,0.997254981699878,0.9974755443357526,0.9978239366963404
GBM,0.995389662204096,0.9953367410994528,0.995061498322773,0.9942581959622152,0.9951857571078208,0.99532153013485,0.9954763924229572,0.9960660142007292,0.9953253552729991,0.9949094468918256,0.9958866972048238,0.9966110531803962
logit_l1,0.9978860703159768,0.9980881825785638,0.9981176470588236,0.9979503529947621,0.99729756781103,0.9974934612031386,0.9975305870468066,0.9976736808713124,0.9973107569721116,0.9964748574390876,0.9975293390982088,0.998211428033512
logit_l2,0.9967018469656992,0.9977287475665152,0.9978561219628396,0.9976340694006308,0.9971607597415312,0.9975230803873002,0.9977136635819269,0.9973190348525468,0.9973832949549928,0.9969733001837641,0.997184623714131,0.9983647556752596
NN,0.9963768115942028,0.9958476259252572,0.9959854014598539,0.9949960495127732,0.9959382615759546,0.9955814609382344,0.995903981710802,0.9962019453450672,0.996317097873124,0.9956689124157844,0.9960879284649776,0.9971676402903168
NN_l2,0.9962879834254144,0.9957688152682752,0.9960701882653994,0.9949140652402666,0.9959488656823909,0.9955739711837271,0.9958969465648856,0.9961991285806991,0.9961520842876777,0.9955416429520016,0.9959884317566936,0.9971673895724528
RF,0.9955964771817454,0.9954349269588312,0.9953468332615252,0.994289123764064,0.9954639175257732,0.9952931108258452,0.9952872132313711,0.9956958393113344,0.9952939163172756,0.9951106765045782,0.9956065632565227,0.9965478553551392
