,Serie_1_Gap_6,Serie_1_Gap_12,Serie_1_Gap_18,Serie_1_Gap_24,Serie_6_Gap_6,Serie_6_Gap_12,Serie_6_Gap_18,Serie_6_Gap_24,Serie_12_Gap_6,Serie_12_Gap_12,Serie_12_Gap_18,Serie_12_Gap_24
AdaBoost,0.5049091640165223,0.5186872475694682,0.5123422126796121,0.5111108694484034,0.5119680650749416,0.5119919969988745,0.4958906557084152,0.5430052784802681,0.5321941040390146,0.49872821479039103,0.5455268923131212,0.5091663780413889
DT,0.7518112366122016,0.6866640902649905,0.6812904545061306,0.8048091020979451,0.696772614295398,0.6967948918344379,0.690180616239219,0.6642237766864671,0.7200051581843191,0.6926819562427924,0.6821103261189202,0.661747770369729
GBM,0.4787001498702343,0.4898467041002675,0.4801162415748453,0.4974540122975044,0.4720343451080817,0.5027494685507065,0.5354516218103854,0.5490768173263542,0.5030714642991122,0.4812212711355109,0.5307124110451097,0.5090364966663781
logit_l1,0.6879080308513361,0.7026741533868316,0.7215322181063162,0.7412931058747068,0.6673043609249076,0.6843495998499437,0.6969537252099338,0.7003571060989238,0.684952951106665,0.6202015690223659,0.6914312915367876,0.7215873668715906
logit_l2,0.5918083123149468,0.693562026870354,0.69876522819684,0.7228052690430924,0.6582774723205543,0.6808459422283356,0.7184173339613754,0.657119331882609,0.6823300925347004,0.6574163106859194,0.6493642666000118,0.7368462637457789
NN,0.5825967759622765,0.5415997938878659,0.5721861752746777,0.5603974811353826,0.5479927694509302,0.5279370388895835,0.5760821544008966,0.5658725666058931,0.6015029073402526,0.5529869897834879,0.5529667558666118,0.5877478569573124
NN_l2,0.573143985086084,0.5337175202891632,0.5805417266356794,0.5534491096719386,0.549194095051593,0.5271633112417157,0.5752781522568908,0.5655123360583426,0.5855563023633863,0.5415051894683839,0.5419521555019702,0.5877045631656421
RF,0.5,0.4998332916562474,0.508744858394482,0.4999571404080233,0.5,0.49991403026134795,0.5181371513960401,0.5102040816326531,0.5,0.5,0.5,0.4999134124166594
