,Serie_6_Gap_6,Serie_6_Gap_12,Serie_12_Gap_6,Serie_12_Gap_12,Serie_24_Gap_6,Serie_24_Gap_12
logit_l1,0.5,0.5,0.5,0.5,0.5,0.5
logit_l2,0.6804497238190299,0.6558752456335644,0.6690579490677545,0.657293142373057,0.6764013960910157,0.6714935147493359
DT,0.7291905783872434,0.7128166502023915,0.7133939633041895,0.68129526887391,0.6955721302399112,0.6879553820864412
RF,0.5033492801651628,0.5124697139316333,0.5081624708056263,0.5074822005827544,0.5029780726234673,0.5015043995815182
AdaBoost,0.7477726049029151,0.742268988798079,0.7356954697133057,0.7222603571954047,0.716881345742275,0.6918628717633516
GBM,0.7646667634220422,0.7571843297603729,0.7636239584117892,0.7395863007248684,0.7364076465252419,0.7063362533911468
NN,0.5979756087522934,0.5540908699444379,0.5626556282362342,0.5627446147710501,0.5728811709122378,0.5435557286482205
NN_l2,0.5989595647225511,0.5721722850742734,0.5755948152076018,0.5586341486302646,0.5734977592663297,0.5458837075382617
