,Serie_6_Gap_6,Serie_6_Gap_12,Serie_12_Gap_6,Serie_12_Gap_12,Serie_24_Gap_6,Serie_24_Gap_12
logit_l1,0.5,0.5,0.5,0.5,0.5,0.5
logit_l2,0.7503694992011655,0.7369277639748621,0.7445047265033783,0.7473123666584055,0.7759071678254116,0.7719161046939393
DT,0.8638095292353573,0.8057065454912895,0.8135217087184599,0.8499930806035806,0.8510800974032244,0.8530983766592259
RF,1.0,1.0,1.0,1.0,1.0,1.0
AdaBoost,0.8625830850743738,0.8415231684217656,0.8681305959308926,0.8233110190140712,0.8587312790491548,0.8618422650932155
GBM,0.9026123198182572,0.8812531364674555,0.8961978428540349,0.8761438202699539,0.910916715515098,0.8825286525716298
NN,0.9845001477474395,0.9783207669910284,0.9999272190889648,1.0,1.0,1.0
NN_l2,0.9840057659450392,0.979240398856682,1.0,0.9999339458627264,1.0,1.0
