,Serie_6_Gap_6,Serie_6_Gap_12,Serie_12_Gap_6,Serie_12_Gap_12,Serie_24_Gap_6,Serie_24_Gap_12
logit_l1,0.328037189072961,0.32784679159030816,0.32784679159030816,0.3275983491726932,0.3305917139652653,0.32614677133841297
logit_l2,0.6795855903453122,0.6546317191134186,0.6679711903419461,0.6562138279212388,0.675546190532621,0.6714318533794897
DT,0.7262700735953915,0.709168053738859,0.7126387892844539,0.6807355754758333,0.6916045797416921,0.6880685797606512
RF,0.33640551502956684,0.35576418204011345,0.34708461320686435,0.3450213119084443,0.3385231905651296,0.32998346237820864
AdaBoost,0.7476880309507898,0.7420022528288378,0.7357756478103685,0.7219866562307677,0.7166898897342531,0.6912032405411729
GBM,0.7647368298104034,0.7570692309363748,0.7637810611819791,0.7396927236026651,0.7364118499467704,0.70647119910571
NN,0.5467512333899696,0.4884475365307456,0.4797277243650442,0.4830335592177745,0.5051598008952047,0.4457388871844381
NN_l2,0.5493528436136076,0.5165764592636518,0.4987055721585336,0.475487010794505,0.506052664583468,0.4537691896617536
