,Serie_1_Gap_6,Serie_1_Gap_12,Serie_1_Gap_18,Serie_1_Gap_24,Serie_6_Gap_6,Serie_6_Gap_12,Serie_6_Gap_18,Serie_6_Gap_24,Serie_12_Gap_6,Serie_12_Gap_12,Serie_12_Gap_18,Serie_12_Gap_24
AdaBoost,0.9777725730023664,0.9911004526911108,0.991070057969554,0.9907831822893046,0.9830677335839476,0.9958594035932666,0.9948346585053408,0.9998597350130956,0.9977553739314496,0.9998752383864846,0.999994481961175,1.0
DT,0.9550599226726074,0.9653904049240802,0.9574082119433452,0.8591729285002585,0.9563760459825684,0.9604650190340096,0.9672945481733336,0.9652880647668236,0.9489188029904256,0.959878305505524,0.9623268359316176,0.9641131609372868
GBM,0.9992780152121988,0.9554349899458744,0.939308911984007,0.9993814586251276,1.0,0.9323731726535018,0.9973119816899916,0.9877424777560736,1.0,1.0,0.9086632853548758,0.9524815743048026
logit_l1,0.7940160882162172,0.7586067514218271,0.8054916836481798,0.7622017433746503,0.8347451321146018,0.8704755617538796,0.8437077857266694,0.8470398747725589,0.9203814115938448,0.9225482461737766,0.9251878536217379,0.9397080613463744
logit_l2,0.7331346693653801,0.7809442532526885,0.8031470337329603,0.7490480927194021,0.8438647220352156,0.8339307444127664,0.8292477040251197,0.8427448825529937,0.8977667966682907,0.8954243339626095,0.8665248708689915,0.9171451722165171
NN,1.0,1.0,1.0,1.0,1.0,1.0,1.0,1.0,1.0,1.0,1.0,1.0
NN_l2,1.0,1.0,1.0,1.0,1.0,1.0,1.0,1.0,1.0,1.0,1.0,1.0
RF,1.0,1.0,1.0,1.0,1.0,1.0,1.0,1.0,1.0,1.0,1.0,1.0
