,Serie_1_Gap_6,Serie_1_Gap_12,Serie_1_Gap_18,Serie_1_Gap_24,Serie_6_Gap_6,Serie_6_Gap_12,Serie_6_Gap_18,Serie_6_Gap_24,Serie_12_Gap_6,Serie_12_Gap_12,Serie_12_Gap_18,Serie_12_Gap_24
AdaBoost,0.5030670829975826,0.5059525625381329,0.5063360971233432,0.5093546410967712,0.5054402327874313,0.5056996122395832,0.4967115565299092,0.5165231837737017,0.5224538432825107,0.4970336810245635,0.5246585260649879,0.5059593984741353
DT,0.4571568209852861,0.4663539620898666,0.4564695649192826,0.4506511653386915,0.4675251809218181,0.4813238053973391,0.4833769944390593,0.4755625015202384,0.472987769211749,0.4855024805616993,0.4748433870335012,0.4776147103371151
GBM,0.4758030831068655,0.4826179439849671,0.4812067430385135,0.4829102478803077,0.4764252173751843,0.486272241325749,0.4945311866660181,0.4925104286527681,0.4815805446761751,0.4774617199043629,0.4985482998554431,0.5056839015920659
logit_l1,0.4287830738906557,0.4205777450820136,0.43525901210551626,0.4448352918482843,0.4644479987370042,0.4523496643625586,0.4558520280264362,0.4743512385885371,0.4784759662161078,0.473860780753711,0.4822636557280352,0.49913562105627096
logit_l2,0.4283157761337167,0.44614465430008704,0.4311492639679732,0.4467999298357867,0.4702792107726888,0.44343862727893146,0.4657238950949817,0.4562646811150999,0.4634893071223778,0.4642642271323738,0.4644683894215718,0.4916088052469152
NN,0.4943503354109628,0.4868395301163338,0.5002610238988909,0.5160142616687272,0.4857339113680835,0.4827887884238971,0.4968632590990767,0.5107286713752763,0.4981091102980556,0.4902311340112539,0.5046734738794825,0.5172755002177231
NN_l2,0.4929816011509098,0.4867355561577591,0.500884661889091,0.5145348149899515,0.4866344243061162,0.4822484890970912,0.4961078147411197,0.5101637741867842,0.4979565726710654,0.4933382165562025,0.5016309933419724,0.5171805140548186
RF,0.4988966900702106,0.4987731337076315,0.5142867164565705,0.4985468843490896,0.4988634015292416,0.4987777158296522,0.53327955006454,0.518921639108555,0.498820704146833,0.4987746736176091,0.4988992227164488,0.4990923236514522
