,Serie_6_Gap_6,Serie_6_Gap_12,Serie_12_Gap_6,Serie_12_Gap_12,Serie_24_Gap_6,Serie_24_Gap_12
logit_l1,0.0,0.0,0.0,0.0,0.0,0.0
logit_l2,0.3653476186734965,0.3161710836186378,0.3427880178542788,0.3187597587513846,0.35575383789375425,0.3428959458718812
DT,0.4763375387606766,0.4441107163704593,0.43292000480669,0.3662432463611868,0.4044755498683609,0.3768303206324561
RF,0.049877298729516496,0.10730819728112972,0.08229705791593554,0.07995519929569947,0.044214634495870576,0.032745500485140154
AdaBoost,0.4995931576381559,0.4898939920924911,0.4716616654287408,0.4488798816494357,0.4353565449187292,0.383689675728916
GBM,0.5328685585754821,0.5196293745073631,0.529608361769462,0.4812815505196603,0.4728245261220405,0.4132890498712312
NN,0.255970716562009,0.14998098129417275,0.19848642538397587,0.19343056403564654,0.21235987086062755,0.1499124089305875
NN_l2,0.2560142488607818,0.19028964397685588,0.2320083297156386,0.18473189288581693,0.21386348356235468,0.1509823039555832
