,Serie_6_Gap_6,Serie_6_Gap_12,Serie_12_Gap_6,Serie_12_Gap_12,Serie_24_Gap_6,Serie_24_Gap_12
logit_l1,0.4517629819086452,0.4188512950953835,0.4734808102345416,0.4492953194517931,0.4703852860404613,0.4836009688296857
logit_l2,0.4616249004582303,0.4399357391491063,0.4697207379349077,0.4632943099540588,0.4536224531731071,0.4748961984877422
DT,0.4751048889372974,0.4532721944503224,0.4778157532472729,0.4615928989438908,0.4742724247954139,0.4871503723030031
RF,0.4974525243168133,0.505904981427053,0.5014798575646598,0.5012695680812523,0.4969188175404126,0.5120334925644661
AdaBoost,0.5248124531045864,0.5173633231517444,0.5187904938496211,0.50504190796899,0.5145495908058829,0.49803359739311204
GBM,0.516175765463388,0.5234004910366854,0.5207812207691694,0.5211055845523774,0.5068481655063297,0.5007280589214744
NN,0.5050946012279138,0.5004333097310875,0.5101847312915397,0.5061821825486221,0.5054636603816931,0.5100678159281166
NN_l2,0.5226111831926236,0.4983655383860986,0.5064482738791236,0.5146766375901091,0.5079566277408535,0.5102924701373187
