,Serie_6_Gap_6,Serie_6_Gap_12,Serie_12_Gap_6,Serie_12_Gap_12,Serie_24_Gap_6,Serie_24_Gap_12
AdaBoost,0.04782608695652174,0.03043478260869565,0.034782608695652174,0.008695652173913044,0.0374331550802139,0.0
DT,0.7521739130434782,0.7956521739130434,0.6956521739130435,0.7,0.6417112299465241,0.6014492753623188
GBM,0.06521739130434782,0.06956521739130435,0.08695652173913042,0.06956521739130435,0.026737967914438502,0.06521739130434782
logit_l1,0.6043478260869565,0.7434782608695653,0.6521739130434783,0.7304347826086957,0.5561497326203209,0.4710144927536232
logit_l2,0.6521739130434783,0.6130434782608696,0.6826086956521739,0.7173913043478259,0.6791443850267379,0.4492753623188406
NN,0.26521739130434785,0.24347826086956526,0.2608695652173913,0.22608695652173916,0.3155080213903743,0.21739130434782608
NN_l2,0.19130434782608696,0.25217391304347825,0.2782608695652174,0.2782608695652174,0.26737967914438504,0.21739130434782608
RF,0.0,0.008695652173913044,0.004347826086956522,0.004347826086956522,0.0,0.014492753623188406
