,Serie_1_Gap_6,Serie_1_Gap_12,Serie_1_Gap_18,Serie_1_Gap_24,Serie_6_Gap_6,Serie_6_Gap_12,Serie_6_Gap_18,Serie_6_Gap_24,Serie_12_Gap_6,Serie_12_Gap_12,Serie_12_Gap_18,Serie_12_Gap_24
AdaBoost,0.5025818482419209,0.5049816438111545,0.5049903043153906,0.5081973944282826,0.5043656340801892,0.504553153557359,0.4975351797078068,0.5116557327236227,0.5176010480385169,0.4996949423546242,0.5176897554956003,0.5047162246145828
DT,0.506708940288172,0.5059045063222932,0.5052857046876293,0.5093661705221685,0.5062425198719798,0.507867293893103,0.5081499246179739,0.5058826918037924,0.5075884699229705,0.5085354880190827,0.5063319398470987,0.504997161045939
GBM,0.4989334768493643,0.4993331874198708,0.4986645360094591,0.4998028947725514,0.4984889359015807,0.5002052943295116,0.5032240896284065,0.5035049633247148,0.5001853819755511,0.4989054004285047,0.5034258047427628,0.5044783660963711
logit_l1,0.5040829552036766,0.5043386880853721,0.5053208659186218,0.5072774469141889,0.5052092337649339,0.50511869396278,0.5058165755746854,0.5067967460960335,0.5071556820683266,0.5047835633828854,0.507451257457374,0.5099752792341474
logit_l2,0.5020338934298149,0.5049228199700003,0.5046769733493501,0.5068674372204415,0.5053831009592009,0.5046438931348266,0.5070932658994907,0.5043387541368596,0.505723996281997,0.5052434068486388,0.5045881408455952,0.5088219419616868
NN,0.5054267131467673,0.5025439361659141,0.5064024866626488,0.5121179077973222,0.5027492455107306,0.5016002542786411,0.5059413383920189,0.5092741570300755,0.5072384520842618,0.5036551779773916,0.5064372496041915,0.5123295246125124
NN_l2,0.5047665082689986,0.5021216957697308,0.5069636655612711,0.5111348441702853,0.50289085368682,0.5015323039439236,0.5057508139846534,0.5090285260389834,0.5064957312630097,0.5034285301040065,0.5049066582746602,0.5122823249232127
RF,0.4977982385908727,0.4977174634794157,0.5532289721863182,0.497144561882032,0.4977319587628866,0.4976465554129226,0.8309769399490189,0.9978479196556672,0.4976469581586378,0.4975553382522891,0.4978032816282614,0.4982739276775697
