,Serie_6_Gap_6,Serie_6_Gap_12,Serie_12_Gap_6,Serie_12_Gap_12,Serie_24_Gap_6,Serie_24_Gap_12
AdaBoost,0.07236842105263158,0.06930693069306931,0.06611570247933883,0.13333333333333333,0.04142011834319527,0.0
DT,0.03549446040213377,0.03186487898310987,0.03658815458495312,0.03329886246122027,0.03391746749576032,0.03011611030478955
GBM,0.03571428571428571,0.05128205128205128,0.04282655246252677,0.0471976401179941,0.023923444976076555,0.014084507042253518
logit_l1,0.024296451669288587,0.023389413212966764,0.033632286995515695,0.030893710923133505,0.029697315819531694,0.024761904761904763
logit_l2,0.02824858757062147,0.0234921692769077,0.03333333333333333,0.03436784003332639,0.02888989990900819,0.021081264875892555
NN,0.031820552947313514,0.02906071613907629,0.03642987249544627,0.03324808184143223,0.035909920876445525,0.02944062806673209
NN_l2,0.04369414101290963,0.02830649097120547,0.034594594594594595,0.04207758053911899,0.035385704175513094,0.029615004935834164
RF,0.0,1.0,0.2,0.25,0.0,0.4
