,Serie_6_Gap_6,Serie_6_Gap_12,Serie_12_Gap_6,Serie_12_Gap_12,Serie_24_Gap_6,Serie_24_Gap_12
logit_l1,0.5094817935796044,0.5095560956161977,0.5144130194364782,0.5132305117138011,0.5117509494675773,0.5099865677050144
logit_l2,0.5118353095220776,0.5087996501552386,0.5144403781640744,0.5149615458372322,0.5120455258162973,0.5079950804550952
DT,0.5161560292630958,0.5144026907609209,0.5162022771490388,0.5142847979201235,0.5144514363898979,0.5132384296644042
RF,0.4949525983146068,0.9945979244657156,0.5945734597156398,0.6191043200659081,0.4944605723087861,0.6961934617107031
AdaBoost,0.5313461422189769,0.5293449526822802,0.5277681066723799,0.5607934054611026,0.5153305014907847,0.4961381317512733
GBM,0.513050525374469,0.5204950630574638,0.5163255739345293,0.5179926165590494,0.5065093558013996,0.5032987828304709
NN,0.5118610144456713,0.5099939100561895,0.5138465530634287,0.5116411172322328,0.5137598896464032,0.5115155662588854
NN_l2,0.5175767059183384,0.5096402312118832,0.5129867286138384,0.5164029547020885,0.513269501965065,0.5116038954437121
