,Serie_6_Gap_6,Serie_6_Gap_12,Serie_12_Gap_6,Serie_12_Gap_12,Serie_24_Gap_6,Serie_24_Gap_12
logit_l1,0.24408879757824786,0.24387802326049335,0.24387802326049335,0.243603171385454,0.2469283103168156,0.2420013420327513
logit_l2,0.6849253072344106,0.6603271797748791,0.6737623486982156,0.6614943001746615,0.6793647839255699,0.671402443216628
DT,0.747498667298193,0.7316951331198829,0.7195700942751845,0.6849663760371907,0.7091306034257308,0.6888760632598604
RF,0.6856925074848501,0.7308603322188968,0.707437364950527,0.7136013938583046,0.6641106640750215,0.6781886633038361
AdaBoost,0.7518370859206385,0.7476546056089998,0.7359662734561827,0.7266408984176884,0.7184781274697578,0.691826805660637
GBM,0.7682135991000145,0.7624719467769431,0.7659896871152418,0.7416998907802803,0.7364168796869497,0.7069532570455137
NN,0.6671870391306313,0.6039653030773453,0.6571960180223888,0.6490780652637445,0.6546926119170311,0.6289941131101352
NN_l2,0.6655810022091129,0.6254295487789192,0.6780144078321246,0.6455034013726708,0.6555747755373358,0.6242034336955401
