,Serie_1_Gap_6,Serie_1_Gap_12,Serie_1_Gap_18,Serie_1_Gap_24,Serie_6_Gap_6,Serie_6_Gap_12,Serie_6_Gap_18,Serie_6_Gap_24,Serie_12_Gap_6,Serie_12_Gap_12,Serie_12_Gap_18,Serie_12_Gap_24
AdaBoost,0.8582417662755419,0.8347495964900317,0.8254221425256982,0.8372499750518794,0.8301807637267455,0.8329561085407027,0.812077898874397,0.8171444009880608,0.816157621608103,0.8285510094693587,0.8398389254837382,0.7916919213784743
DT,0.7543692656358518,0.6790455189554965,0.7029917655663828,0.8677640854530706,0.7073970023348647,0.6960578967112667,0.6852152939074504,0.6650278627301065,0.7264020882831063,0.6937685773222668,0.6832893459977651,0.6698783444454066
GBM,0.7636034652922471,0.7629225488190228,0.7435512666241968,0.7934871331666713,0.7275062137531069,0.7280581780667751,0.7833303555476148,0.7879546991707347,0.7450997248968363,0.7387399093670308,0.7926854819737694,0.8254751493635814
logit_l1,0.7273677669335088,0.7140792773951065,0.7311366978898773,0.7831496554600561,0.6719876478120057,0.7032246467425283,0.7008145597479171,0.7059223004763866,0.6909528573214956,0.6324207773644973,0.698482436922896,0.7321196640401767
logit_l2,0.6113082574843733,0.7224594027294703,0.6951482119403221,0.7371568354012554,0.6634284853506064,0.6858314055270727,0.7314819627397794,0.6549653002411339,0.6804661122921095,0.6632603505124498,0.6471312047873905,0.7580147631829596
NN,0.7710626165149688,0.7500071987693894,0.7768728027746973,0.7912277290045573,0.7552444076222038,0.7621529948730774,0.7764126886156545,0.791722416632359,0.7808897086407403,0.7498075267594653,0.7627569399517732,0.7775954628106329
NN_l2,0.7593990569141353,0.7496919684466571,0.775969925048565,0.7895414919232059,0.7569691948482338,0.7607149556083532,0.7768171260577907,0.7950251426218902,0.7839955608353132,0.7623434632189322,0.7573847262247839,0.7803857476837821
RF,0.7247892678290748,0.7296915137875377,0.7637079332122156,0.7797727034295351,0.7808940272651954,0.8063844254095285,0.7275634674419738,0.6583295962477211,0.7411161998249344,0.7367672616823949,0.7471530759277775,0.7511905792709325
