,Serie_6_Gap_6,Serie_6_Gap_12,Serie_12_Gap_6,Serie_12_Gap_12,Serie_24_Gap_6,Serie_24_Gap_12
logit_l1,0.3350644112737699,0.3351219910096804,0.3351219910096804,0.3351970842797693,0.3342267384713358,0.335611779597688
logit_l2,0.673276674984117,0.663731230907755,0.6671985644957883,0.6770734650464401,0.695097243395861,0.6893745014436765
DT,0.7791595913380711,0.7348601613202924,0.7389940806882329,0.7705375519732212,0.7692252490170842,0.7854114916243007
RF,1.0,1.0,1.0,1.0,1.0,1.0
AdaBoost,0.7733491129124266,0.7539848735963446,0.7826460222939708,0.7389520456653484,0.7671008556242933,0.7765810423483301
GBM,0.8197754615637269,0.796430865824812,0.8161451746637518,0.7941154940711129,0.8346495033503712,0.7961442275681156
NN,0.9732266449970304,0.9637646714608198,0.9988758957281298,1.0,1.0,1.0
NN_l2,0.9698662778475796,0.9639658047615494,1.0,0.997749207473476,1.0,1.0
