,Serie_6_Gap_6,Serie_6_Gap_12,Serie_12_Gap_6,Serie_12_Gap_12,Serie_24_Gap_6,Serie_24_Gap_12
logit_l1,0.7525160718244291,0.6579640718562875,0.7935329341317365,0.725449335764522,0.796673049305888,0.8556201003891489
logit_l2,0.7712258922633562,0.7192335329341317,0.7818922155688622,0.7584787705131545,0.7445548109143131,0.837629011336078
DT,0.7915761471957438,0.7336526946107784,0.7981796407185628,0.756499088304246,0.7954763044518909,0.8492470813828887
RF,0.9999556639326092,1.0,0.9998083832335328,0.9998437092992968,0.9988032551460028,0.9998308048051436
AdaBoost,0.993748614497894,0.995497005988024,0.9945868263473054,0.9993227402969524,0.9903063666826232,0.9998872032034292
GBM,0.9820438927067168,0.9858203592814372,0.9785868263473054,0.9831727012242772,0.9877932024892292,0.964469009080142
NN,0.9177122589226336,0.91037125748503,0.9239760479041916,0.9212294868455329,0.9052178075634276,0.9442219840956516
NN_l2,0.9573043671026379,0.904622754491018,0.9144431137724552,0.9240948163584268,0.9184418382000956,0.9445603744853646
