,Serie_1_Gap_6,Serie_1_Gap_12,Serie_1_Gap_18,Serie_1_Gap_24,Serie_6_Gap_6,Serie_6_Gap_12,Serie_6_Gap_18,Serie_6_Gap_24,Serie_12_Gap_6,Serie_12_Gap_12,Serie_12_Gap_18,Serie_12_Gap_24
AdaBoost,0.007120313612576189,0.01929696465270663,0.015696037359351073,0.019087187253203932,0.014456582274533253,0.014778552540118863,-0.006365153634440137,0.04477758509214061,0.04760882152491108,-0.0012457412274899402,0.05675771642670752,0.013150011063929731
DT,0.0822042955160377,0.06639756926619396,0.06191115586727512,0.1068624167227826,0.07009584738058124,0.07869544461334342,0.07873900395990442,0.0621635862897667,0.08171909264743599,0.08110818772488422,0.06791499482501702,0.05686051907462957
GBM,-0.009532425351077336,-0.005203977492540185,-0.010306123106854291,-0.0014167956594817335,-0.013001214881073574,0.0015025981533734252,0.02138216136774346,0.026230702988871656,0.0015091641654956627,-0.009067566061142377,0.02051484568989164,0.012723009125309409
logit_l1,0.05539747547955907,0.05930733291970925,0.06866566038999658,0.0838092541134434,0.05904329008281014,0.06143709575794784,0.06769331510273055,0.07380450876986926,0.07275890366733254,0.04795797427501573,0.07553552379213976,0.09402969444390594
logit_l2,0.027329714467572392,0.06173721766685366,0.06097933010632747,0.07823301598524775,0.058378887042103984,0.057959614545833774,0.07872209923130574,0.0522188529627482,0.06461135416518685,0.05745947307582936,0.05235663443957755,0.0914208727284451
NN,0.04234283929993762,0.0205744715767781,0.04299632656047477,0.054106972104862,0.022973367707891545,0.013372563855239923,0.042521986072598,0.049433289458710256,0.05421158293928266,0.027833568089260845,0.03693021680075287,0.06578417323491717
NN_l2,0.0373438835548917,0.016916065755763574,0.04736520444453685,0.048791290503020036,0.023850612658769768,0.012903092489121236,0.04161301002031921,0.048640716770104286,0.04714873266629177,0.02385806291926021,0.028694591193015782,0.0656419360485003
RF,0.0,-0.00123372263155289,0.04314996288541517,-0.0006996653847398138,0.0,-0.0008996110628110337,0.15495778610258246,0.1425493712762414,0.0,0.0,0.0,-0.0007731919065025173
