,Serie_1_Gap_6,Serie_1_Gap_12,Serie_1_Gap_18,Serie_1_Gap_24,Serie_6_Gap_6,Serie_6_Gap_12,Serie_6_Gap_18,Serie_6_Gap_24,Serie_12_Gap_6,Serie_12_Gap_12,Serie_12_Gap_18,Serie_12_Gap_24
AdaBoost,0.9873498799039232,0.9785927646863593,0.9838126399173412,0.9868746271200888,0.9832577319587628,0.98314366390006,0.9869321717486,0.9800950416928179,0.987336356635578,0.9745755178238066,0.985116112256792,0.989990508240573
DT,0.7941553242594075,0.8265847992034517,0.7978302049250904,0.7593965737663002,0.8287010309278351,0.8647214854111406,0.8694995110676504,0.8573477987985295,0.8388808077350902,0.8744777313538982,0.8525060521832691,0.8720338251790491
GBM,0.899119295436349,0.9211749087288416,0.9196659204408472,0.9154521435268048,0.9037525773195876,0.9287242234961924,0.939639079029247,0.9314982515915,0.9113544964490459,0.9037247755356032,0.9556173226934456,0.9897316420743808
logit_l1,0.7209767814251401,0.6963159641553269,0.7338556914069226,0.7511292934458366,0.8240824742268041,0.7859159750149739,0.7929593741665926,0.848381601362862,0.8591597501497391,0.8562538892345987,0.8710660808751008,0.9168176719302789
logit_l2,0.7278622898318655,0.7682542316627946,0.7245565696573102,0.7586295065200716,0.8421443298969072,0.7609309489176007,0.8176726820161793,0.8027436564153143,0.8179173440574998,0.8222953151391235,0.8277593472608267,0.8975752869100009
NN,0.9257806244995996,0.9161135081314304,0.9408472533149648,0.96684564902412,0.9108453608247424,0.9068195430820569,0.9304827095741844,0.96494216802654,0.9271840506545734,0.9205262690016891,0.9594727875907828,0.9728190525498316
NN_l2,0.9249799839871896,0.9184367739794224,0.9394696056483556,0.9677831756583994,0.9132371134020618,0.905279370240438,0.9288825673393192,0.9642248722316864,0.9314623085479592,0.933682994043915,0.957769210078006,0.9727327638277676
RF,0.9955964771817454,0.9951045469631596,0.9946616152918892,0.9942043808062728,0.9954639175257732,0.99512278600154,0.995199573295404,0.9956962252308796,0.9952939163172756,0.9951106765045782,0.9956065632565227,0.9963758736733108
