,Serie_6_Gap_6,Serie_6_Gap_12,Serie_12_Gap_6,Serie_12_Gap_12,Serie_24_Gap_6,Serie_24_Gap_12
logit_l1,0.5,0.5,0.5,0.5,0.5,0.5
logit_l2,0.7578796050001166,0.7375246649400479,0.7475263019654252,0.7371263800008017,0.7521162608558619,0.7515850867920302
DT,0.7964442407443835,0.7729686296476709,0.7741147258667751,0.7461379973969002,0.7413095569406931,0.7645232277840011
RF,0.6606697255804345,0.6507435228201534,0.672522664249413,0.6985145783958358,0.6474393016701729,0.7609909884819239
AdaBoost,0.8342017379981167,0.8241473232660125,0.8204286579825493,0.7930265284843216,0.7912836329838496,0.778619725492711
GBM,0.8548907672953194,0.8396038463810946,0.846485665126194,0.8238216907518919,0.8263242149408927,0.7917026222556638
NN,0.7358659700027382,0.6644342121406354,0.7298898145213606,0.7201650307778755,0.7275896742454298,0.7181788142455592
NN_l2,0.7391386052148304,0.6662045229060326,0.7471420675976286,0.7021779691440665,0.7289467646300632,0.7152434874385818
