,Serie_6_Gap_6,Serie_6_Gap_12,Serie_12_Gap_6,Serie_12_Gap_12,Serie_24_Gap_6,Serie_24_Gap_12
logit_l1,0.6319264803674961,0.5534530506563942,0.5639479945887783,0.5803088152870934,0.6641836672526937,0.4954980303882949
logit_l2,0.6317313203362706,0.5530362103062482,0.5635311542386324,0.5803088152870934,0.4967159277504105,0.498030388294879
DT,0.7538024317195002,0.8533071754753918,0.8876615256356815,0.8481149444039509,0.7487884181331848,0.4676420934158694
RF,0.4988290398126464,0.4989578991246353,0.4985410587744893,0.5,0.5,1.0
AdaBoost,0.697097600424505,0.7226965466652204,0.6749084081408756,0.7324890206903085,0.5,1.0
GBM,0.7068721842106606,0.6429072297239875,0.6421838519760896,0.8688793692477583,0.5,1.0
NN,0.5724689997431881,0.4993747394747812,0.5236825553007988,0.4955898566703418,0.5,0.4997186268992685
NN_l2,0.5724689997431881,0.4993747394747812,0.5236825553007988,0.4955898566703418,0.5,0.4997186268992685
