,Serie_6_Gap_6,Serie_6_Gap_12,Serie_12_Gap_6,Serie_12_Gap_12,Serie_24_Gap_6,Serie_24_Gap_12
logit_l1,0.6135314016509776,0.43318769085472186,0.4424558565474885,0.544416961737106,0.5560929349447324,0.4977388355002826
logit_l2,0.6133632835805116,0.4329374076045996,0.4422042430469809,0.544416961737106,0.2578857630008525,0.4990132506343389
DT,0.746940583659136,0.8616924296369042,0.8989824229152832,0.8461110980275174,0.7189353679317523,0.4832800232625764
RF,0.3246951219512195,0.295774647887324,0.29560059317844783,0.38227030064624895,0.25914893617021273,1.0
AdaBoost,0.6953196114057734,0.6950571135450659,0.6219770761160728,0.7449605579211704,0.25914893617021273,1.0
GBM,0.7069745262121585,0.5811171844326659,0.5836406734508268,0.8715331897893206,0.25914893617021273,1.0
NN,0.4996355347090471,0.2959486166007905,0.3547477902479821,0.3801804341697209,0.25914893617021273,0.4998592738530819
NN_l2,0.4996355347090471,0.2959486166007905,0.3547477902479821,0.3801804341697209,0.25914893617021273,0.4998592738530819
