,Serie_6_Gap_6,Serie_6_Gap_12,Serie_12_Gap_6,Serie_12_Gap_12,Serie_24_Gap_6,Serie_24_Gap_12
logit_l1,0.7689237200648322,0.8253630873916338,0.8090867408022048,0.8418058431767768,0.7260958270233888,
logit_l2,0.7686898681755641,0.8228907101679118,0.8076464254329944,0.8363317571544225,0.6308265447034179,
DT,0.7538024317195002,0.8533071754753918,0.8876615256356815,0.8481149444039509,0.7487884181331848,
RF,0.6831984362253299,0.6849523537968145,0.7251050277310589,0.6587753563506328,0.4786535303776683,
AdaBoost,0.7754671085191819,0.8587737064532215,0.8939455738588443,0.9389877545721906,0.4048083227442311,
GBM,0.7663363969348109,0.8635206479929092,0.9047385314920298,0.9492763347744364,0.4738536208927338,
NN,0.7406017051629394,0.7560001459762026,0.7823498607606749,0.8480719656801734,0.6065949073671141,
NN_l2,0.7404998024305857,0.7556925352240198,0.7824766428605072,0.8481932270794028,0.6065949073671141,
