,Serie_6_Gap_6,Serie_6_Gap_12,Serie_12_Gap_6,Serie_12_Gap_12,Serie_24_Gap_6,Serie_24_Gap_12
logit_l1,0.6538858304815751,0.6383333333333333,0.6707927228429519,0.7451986615302422,0.7205327916764086,0.5
logit_l2,0.6536070164594942,0.6368522474450928,0.6691613942724264,0.7451986615302422,0.17415083477259646,0.5
DT,0.8154267536566806,0.8827095740092705,0.9298177083333332,0.8443582914727646,0.7263589847142264,0.5
RF,0.2406779661016949,0.21018437225636524,0.21008255752678728,0.3094155105753923,0.1748994830557151,1.0
AdaBoost,0.6980183794847143,0.7338358091164827,0.7231524377787559,0.8095036810854678,0.1748994830557151,1.0
GBM,0.7097184650318362,0.6971029761300365,0.6903804741859736,0.8746134139997577,0.1748994830557151,1.0
NN,0.6532649542009284,0.21028611549938564,0.6619304960632164,0.30836954036130804,0.1748994830557151,0.5
NN_l2,0.6532649542009284,0.21028611549938564,0.6619304960632164,0.30836954036130804,0.1748994830557151,0.5
